[{"model": "admin.logentry", "pk": 1, "fields": {"action_time": "2020-11-01T10:37:32.491Z", "user": 1, "content_type": 9, "object_id": "1", "object_repr": "Sunday (1)", "action_flag": 1, "change_message": "[{\"added\": {}}]"}}, {"model": "admin.logentry", "pk": 2, "fields": {"action_time": "2020-11-01T10:40:59.105Z", "user": 1, "content_type": 9, "object_id": "1", "object_repr": "Sunday (1)", "action_flag": 2, "change_message": "[]"}}, {"model": "admin.logentry", "pk": 3, "fields": {"action_time": "2020-11-01T10:41:06.711Z", "user": 1, "content_type": 9, "object_id": "2", "object_repr": "Monday (2)", "action_flag": 1, "change_message": "[{\"added\": {}}]"}}, {"model": "admin.logentry", "pk": 4, "fields": {"action_time": "2020-11-01T10:41:13.070Z", "user": 1, "content_type": 9, "object_id": "3", "object_repr": "Tuesday (3)", "action_flag": 1, "change_message": "[{\"added\": {}}]"}}, {"model": "admin.logentry", "pk": 5, "fields": {"action_time": "2020-11-01T10:41:51.842Z", "user": 1, "content_type": 9, "object_id": "4", "object_repr": "Wednesday (4)", "action_flag": 1, "change_message": "[{\"added\": {}}]"}}, {"model": "admin.logentry", "pk": 6, "fields": {"action_time": "2020-11-01T10:42:07.577Z", "user": 1, "content_type": 9, "object_id": "5", "object_repr": "Thursday (5)", "action_flag": 1, "change_message": "[{\"added\": {}}]"}}, {"model": "admin.logentry", "pk": 7, "fields": {"action_time": "2020-11-01T10:42:19.614Z", "user": 1, "content_type": 9, "object_id": "6", "object_repr": "Friday (6)", "action_flag": 1, "change_message": "[{\"added\": {}}]"}}, {"model": "admin.logentry", "pk": 8, "fields": {"action_time": "2020-11-01T10:42:32.110Z", "user": 1, "content_type": 9, "object_id": "7", "object_repr": "Saturday (7)", "action_flag": 1, "change_message": "[{\"added\": {}}]"}}, {"model": "admin.logentry", "pk": 9, "fields": {"action_time": "2020-11-01T11:04:29.894Z", "user": 1, "content_type": 8, "object_id": "1", "object_repr": "New Delhi, India (DEL)", "action_flag": 1, "change_message": "[{\"added\": {}}]"}}, {"model": "admin.logentry", "pk": 10, "fields": {"action_time": "2020-11-01T11:06:38.139Z", "user": 1, "content_type": 8, "object_id": "2", "object_repr": "Mumbai, India (BOM)", "action_flag": 1, "change_message": "[{\"added\": {}}]"}}, {"model": "admin.logentry", "pk": 11, "fields": {"action_time": "2020-11-01T11:08:36.948Z", "user": 1, "content_type": 8, "object_id": "3", "object_repr": "Tokyo, Japan (HND)", "action_flag": 1, "change_message": "[{\"added\": {}}]"}}, {"model": "admin.logentry", "pk": 12, "fields": {"action_time": "2020-11-01T11:09:07.953Z", "user": 1, "content_type": 8, "object_id": "4", "object_repr": "Beijing, China (PEK)", "action_flag": 1, "change_message": "[{\"added\": {}}]"}}, {"model": "admin.logentry", "pk": 13, "fields": {"action_time": "2020-11-01T11:09:35.228Z", "user": 1, "content_type": 8, "object_id": "5", "object_repr": "Los Angeles, USA (LAX)", "action_flag": 1, "change_message": "[{\"added\": {}}]"}}, {"model": "admin.logentry", "pk": 14, "fields": {"action_time": "2020-11-01T11:09:58.080Z", "user": 1, "content_type": 8, "object_id": "6", "object_repr": "Dubai, UAE (DXB)", "action_flag": 1, "change_message": "[{\"added\": {}}]"}}, {"model": "admin.logentry", "pk": 15, "fields": {"action_time": "2020-11-01T11:10:35.285Z", "user": 1, "content_type": 8, "object_id": "7", "object_repr": "Chicago, USA (ORD)", "action_flag": 1, "change_message": "[{\"added\": {}}]"}}, {"model": "admin.logentry", "pk": 16, "fields": {"action_time": "2020-11-01T11:11:15.795Z", "user": 1, "content_type": 8, "object_id": "8", "object_repr": "London, United Kingdom (LHR)", "action_flag": 1, "change_message": "[{\"added\": {}}]"}}, {"model": "admin.logentry", "pk": 17, "fields": {"action_time": "2020-11-01T11:11:32.587Z", "user": 1, "content_type": 8, "object_id": "7", "object_repr": "Chicago, United States (ORD)", "action_flag": 2, "change_message": "[{\"changed\": {\"fields\": [\"Country\"]}}]"}}, {"model": "admin.logentry", "pk": 18, "fields": {"action_time": "2020-11-01T11:11:52.742Z", "user": 1, "content_type": 8, "object_id": "6", "object_repr": "Dubai, United Arab Emirates (DXB)", "action_flag": 2, "change_message": "[{\"changed\": {\"fields\": [\"Country\"]}}]"}}, {"model": "admin.logentry", "pk": 19, "fields": {"action_time": "2020-11-01T11:12:36.592Z", "user": 1, "content_type": 8, "object_id": "9", "object_repr": "Shanghai, China (PVG)", "action_flag": 1, "change_message": "[{\"added\": {}}]"}}, {"model": "admin.logentry", "pk": 20, "fields": {"action_time": "2020-11-01T11:13:06.589Z", "user": 1, "content_type": 8, "object_id": "10", "object_repr": "Paris, France (CDG)", "action_flag": 1, "change_message": "[{\"added\": {}}]"}}, {"model": "admin.logentry", "pk": 21, "fields": {"action_time": "2020-11-01T11:14:59.268Z", "user": 1, "content_type": 8, "object_id": "11", "object_repr": "Dallas, United States (DFW)", "action_flag": 1, "change_message": "[{\"added\": {}}]"}}, {"model": "admin.logentry", "pk": 22, "fields": {"action_time": "2020-11-01T11:16:29.715Z", "user": 1, "content_type": 8, "object_id": "12", "object_repr": "Guangzhou, China (CAN)", "action_flag": 1, "change_message": "[{\"added\": {}}]"}}, {"model": "admin.logentry", "pk": 23, "fields": {"action_time": "2020-11-01T11:17:20.170Z", "user": 1, "content_type": 8, "object_id": "13", "object_repr": "Amsterdam, Netherlands (AMS)", "action_flag": 1, "change_message": "[{\"added\": {}}]"}}, {"model": "admin.logentry", "pk": 24, "fields": {"action_time": "2020-11-01T11:18:11.602Z", "user": 1, "content_type": 8, "object_id": "14", "object_repr": "Hong Kong, Hong Kong SAR, China (HKG)", "action_flag": 1, "change_message": "[{\"added\": {}}]"}}, {"model": "admin.logentry", "pk": 25, "fields": {"action_time": "2020-11-01T11:19:34.729Z", "user": 1, "content_type": 8, "object_id": "15", "object_repr": "Seoul, South Korea (ICN)", "action_flag": 1, "change_message": "[{\"added\": {}}]"}}, {"model": "admin.logentry", "pk": 26, "fields": {"action_time": "2020-11-01T11:20:14.574Z", "user": 1, "content_type": 8, "object_id": "16", "object_repr": "Frankfurt, Germany (FRA)", "action_flag": 1, "change_message": "[{\"added\": {}}]"}}, {"model": "admin.logentry", "pk": 27, "fields": {"action_time": "2020-11-01T11:20:31.329Z", "user": 1, "content_type": 8, "object_id": "17", "object_repr": "Denver, United States (DEN)", "action_flag": 1, "change_message": "[{\"added\": {}}]"}}, {"model": "admin.logentry", "pk": 28, "fields": {"action_time": "2020-11-01T11:21:21.862Z", "user": 1, "content_type": 8, "object_id": "1", "object_repr": "Delhi, India (DEL)", "action_flag": 2, "change_message": "[{\"changed\": {\"fields\": [\"City\"]}}]"}}, {"model": "admin.logentry", "pk": 29, "fields": {"action_time": "2020-11-01T11:22:26.197Z", "user": 1, "content_type": 8, "object_id": "18", "object_repr": "Singapore, Singapore (SIN)", "action_flag": 1, "change_message": "[{\"added\": {}}]"}}, {"model": "admin.logentry", "pk": 30, "fields": {"action_time": "2020-11-01T11:23:28.368Z", "user": 1, "content_type": 8, "object_id": "19", "object_repr": "Bangkok, Thailand (BKK)", "action_flag": 1, "change_message": "[{\"added\": {}}]"}}, {"model": "admin.logentry", "pk": 31, "fields": {"action_time": "2020-11-01T11:24:02.629Z", "user": 1, "content_type": 8, "object_id": "20", "object_repr": "New York, United States (JFK)", "action_flag": 1, "change_message": "[{\"added\": {}}]"}}, {"model": "admin.logentry", "pk": 32, "fields": {"action_time": "2020-11-01T11:24:51.962Z", "user": 1, "content_type": 8, "object_id": "21", "object_repr": "Kuala Lumpur, Malaysia (KUL)", "action_flag": 1, "change_message": "[{\"added\": {}}]"}}, {"model": "admin.logentry", "pk": 33, "fields": {"action_time": "2020-11-01T11:25:35.177Z", "user": 1, "content_type": 8, "object_id": "22", "object_repr": "Madrid, Spain (MAD)", "action_flag": 1, "change_message": "[{\"added\": {}}]"}}, {"model": "admin.logentry", "pk": 34, "fields": {"action_time": "2020-11-01T11:26:24.886Z", "user": 1, "content_type": 8, "object_id": "23", "object_repr": "San Francisco, United States (SFO)", "action_flag": 1, "change_message": "[{\"added\": {}}]"}}, {"model": "admin.logentry", "pk": 35, "fields": {"action_time": "2020-11-01T11:27:23.344Z", "user": 1, "content_type": 8, "object_id": "24", "object_repr": "Chengdu, China (CTU)", "action_flag": 1, "change_message": "[{\"added\": {}}]"}}, {"model": "admin.logentry", "pk": 36, "fields": {"action_time": "2020-11-01T11:28:16.966Z", "user": 1, "content_type": 8, "object_id": "25", "object_repr": "Jakarta, Indonesia (CGK)", "action_flag": 1, "change_message": "[{\"added\": {}}]"}}, {"model": "admin.logentry", "pk": 37, "fields": {"action_time": "2020-11-01T11:28:54.196Z", "user": 1, "content_type": 8, "object_id": "26", "object_repr": "Shenzhen, China (SZX)", "action_flag": 1, "change_message": "[{\"added\": {}}]"}}, {"model": "admin.logentry", "pk": 38, "fields": {"action_time": "2020-11-01T11:30:10.527Z", "user": 1, "content_type": 8, "object_id": "27", "object_repr": "Barcelona, Spain (BCN)", "action_flag": 1, "change_message": "[{\"added\": {}}]"}}, {"model": "admin.logentry", "pk": 39, "fields": {"action_time": "2020-11-01T11:30:49.657Z", "user": 1, "content_type": 8, "object_id": "28", "object_repr": "Istanbul, Turkey (IST)", "action_flag": 1, "change_message": "[{\"added\": {}}]"}}, {"model": "admin.logentry", "pk": 40, "fields": {"action_time": "2020-11-01T11:31:32.623Z", "user": 1, "content_type": 8, "object_id": "29", "object_repr": "Seattle, United States (SEA)", "action_flag": 1, "change_message": "[{\"added\": {}}]"}}, {"model": "admin.logentry", "pk": 41, "fields": {"action_time": "2020-11-01T11:31:56.043Z", "user": 1, "content_type": 8, "object_id": "30", "object_repr": "Las Vegas, United States (LAS)", "action_flag": 1, "change_message": "[{\"added\": {}}]"}}, {"model": "admin.logentry", "pk": 42, "fields": {"action_time": "2020-11-01T11:32:19.538Z", "user": 1, "content_type": 8, "object_id": "31", "object_repr": "Orlando, United States (MCO)", "action_flag": 1, "change_message": "[{\"added\": {}}]"}}, {"model": "admin.logentry", "pk": 43, "fields": {"action_time": "2020-11-01T11:32:56.003Z", "user": 1, "content_type": 8, "object_id": "32", "object_repr": "Toronto, Canada (YYZ)", "action_flag": 1, "change_message": "[{\"added\": {}}]"}}, {"model": "admin.logentry", "pk": 44, "fields": {"action_time": "2020-11-01T11:34:54.955Z", "user": 1, "content_type": 8, "object_id": "33", "object_repr": "Mexico City, Mexico (MEX)", "action_flag": 1, "change_message": "[{\"added\": {}}]"}}, {"model": "admin.logentry", "pk": 45, "fields": {"action_time": "2020-11-01T11:35:25.270Z", "user": 1, "content_type": 8, "object_id": "34", "object_repr": "Charlotte, United States (CLT)", "action_flag": 1, "change_message": "[{\"added\": {}}]"}}, {"model": "admin.logentry", "pk": 46, "fields": {"action_time": "2020-11-01T11:35:56.163Z", "user": 1, "content_type": 8, "object_id": "35", "object_repr": "Moscow, Russia (SVO)", "action_flag": 1, "change_message": "[{\"added\": {}}]"}}, {"model": "admin.logentry", "pk": 47, "fields": {"action_time": "2020-11-01T11:36:59.385Z", "user": 1, "content_type": 8, "object_id": "36", "object_repr": "Taipei, Taiwan (TPE)", "action_flag": 1, "change_message": "[{\"added\": {}}]"}}, {"model": "admin.logentry", "pk": 48, "fields": {"action_time": "2020-11-01T11:37:32.758Z", "user": 1, "content_type": 8, "object_id": "37", "object_repr": "Kunming, China (KMG)", "action_flag": 1, "change_message": "[{\"added\": {}}]"}}, {"model": "admin.logentry", "pk": 49, "fields": {"action_time": "2020-11-01T11:38:20.002Z", "user": 1, "content_type": 8, "object_id": "38", "object_repr": "Munich, Germany (MUC)", "action_flag": 1, "change_message": "[{\"added\": {}}]"}}, {"model": "admin.logentry", "pk": 50, "fields": {"action_time": "2020-11-01T11:38:56.488Z", "user": 1, "content_type": 8, "object_id": "39", "object_repr": "Manila, Philippines (MNL)", "action_flag": 1, "change_message": "[{\"added\": {}}]"}}, {"model": "admin.logentry", "pk": 51, "fields": {"action_time": "2020-11-01T11:39:40.510Z", "user": 1, "content_type": 8, "object_id": "40", "object_repr": "Xi'an, China (XIY)", "action_flag": 1, "change_message": "[{\"added\": {}}]"}}, {"model": "admin.logentry", "pk": 52, "fields": {"action_time": "2020-11-01T11:40:17.710Z", "user": 1, "content_type": 8, "object_id": "41", "object_repr": "London, United Kingdom (LGW)", "action_flag": 1, "change_message": "[{\"added\": {}}]"}}, {"model": "admin.logentry", "pk": 53, "fields": {"action_time": "2020-11-01T11:40:52.335Z", "user": 1, "content_type": 8, "object_id": "42", "object_repr": "Newark, United States (EWR)", "action_flag": 1, "change_message": "[{\"added\": {}}]"}}, {"model": "admin.logentry", "pk": 54, "fields": {"action_time": "2020-11-01T11:41:20.044Z", "user": 1, "content_type": 8, "object_id": "43", "object_repr": "Phoenix, United States (PHX)", "action_flag": 1, "change_message": "[{\"added\": {}}]"}}, {"model": "admin.logentry", "pk": 55, "fields": {"action_time": "2020-11-01T11:41:47.436Z", "user": 1, "content_type": 8, "object_id": "44", "object_repr": "Miami, United States (MIA)", "action_flag": 1, "change_message": "[{\"added\": {}}]"}}, {"model": "admin.logentry", "pk": 56, "fields": {"action_time": "2020-11-01T11:42:20.966Z", "user": 1, "content_type": 8, "object_id": "45", "object_repr": "Shanghai, China (SHA)", "action_flag": 1, "change_message": "[{\"added\": {}}]"}}, {"model": "admin.logentry", "pk": 57, "fields": {"action_time": "2020-11-01T11:42:57.487Z", "user": 1, "content_type": 8, "object_id": "46", "object_repr": "Houston, United States (IAH)", "action_flag": 1, "change_message": "[{\"added\": {}}]"}}, {"model": "admin.logentry", "pk": 58, "fields": {"action_time": "2020-11-01T11:43:54.620Z", "user": 1, "content_type": 8, "object_id": "47", "object_repr": "Chongqing, China (CKG)", "action_flag": 1, "change_message": "[{\"added\": {}}]"}}, {"model": "admin.logentry", "pk": 59, "fields": {"action_time": "2020-11-01T11:45:15.849Z", "user": 1, "content_type": 8, "object_id": "48", "object_repr": "Sydney, Australia (SYD)", "action_flag": 1, "change_message": "[{\"added\": {}}]"}}, {"model": "admin.logentry", "pk": 60, "fields": {"action_time": "2020-11-01T11:45:44.294Z", "user": 1, "content_type": 8, "object_id": "49", "object_repr": "Tokyo, Japan (NRT)", "action_flag": 1, "change_message": "[{\"added\": {}}]"}}, {"model": "admin.logentry", "pk": 61, "fields": {"action_time": "2020-11-01T11:48:18.434Z", "user": 1, "content_type": 8, "object_id": "50", "object_repr": "Bengaluru, India (BLR)", "action_flag": 1, "change_message": "[{\"added\": {}}]"}}, {"model": "admin.logentry", "pk": 62, "fields": {"action_time": "2020-11-01T11:48:39.381Z", "user": 1, "content_type": 8, "object_id": "51", "object_repr": "Chennai, India (MAA)", "action_flag": 1, "change_message": "[{\"added\": {}}]"}}, {"model": "admin.logentry", "pk": 63, "fields": {"action_time": "2020-11-01T11:49:02.474Z", "user": 1, "content_type": 8, "object_id": "52", "object_repr": "Kolkata, India (CCU)", "action_flag": 1, "change_message": "[{\"added\": {}}]"}}, {"model": "admin.logentry", "pk": 64, "fields": {"action_time": "2020-11-01T11:49:27.186Z", "user": 1, "content_type": 8, "object_id": "53", "object_repr": "Hyderabad, India (HYD)", "action_flag": 1, "change_message": "[{\"added\": {}}]"}}, {"model": "admin.logentry", "pk": 65, "fields": {"action_time": "2020-11-01T11:50:00.750Z", "user": 1, "content_type": 8, "object_id": "54", "object_repr": "Ahmedabad, India (AMD)", "action_flag": 1, "change_message": "[{\"added\": {}}]"}}, {"model": "admin.logentry", "pk": 66, "fields": {"action_time": "2020-11-01T11:50:29.916Z", "user": 1, "content_type": 8, "object_id": "55", "object_repr": "Kochi, India (COK)", "action_flag": 1, "change_message": "[{\"added\": {}}]"}}, {"model": "admin.logentry", "pk": 67, "fields": {"action_time": "2020-11-01T11:51:43.379Z", "user": 1, "content_type": 8, "object_id": "56", "object_repr": "Goa, India (GOI)", "action_flag": 1, "change_message": "[{\"added\": {}}]"}}, {"model": "admin.logentry", "pk": 68, "fields": {"action_time": "2020-11-01T11:52:01.316Z", "user": 1, "content_type": 8, "object_id": "57", "object_repr": "Pune, India (PNQ)", "action_flag": 1, "change_message": "[{\"added\": {}}]"}}, {"model": "admin.logentry", "pk": 69, "fields": {"action_time": "2020-11-01T11:52:30.494Z", "user": 1, "content_type": 8, "object_id": "58", "object_repr": "Guwahati, India (GAU)", "action_flag": 1, "change_message": "[{\"added\": {}}]"}}, {"model": "admin.logentry", "pk": 70, "fields": {"action_time": "2020-11-01T11:52:55.293Z", "user": 1, "content_type": 8, "object_id": "59", "object_repr": "Lucknow, India (LKO)", "action_flag": 1, "change_message": "[{\"added\": {}}]"}}, {"model": "admin.logentry", "pk": 71, "fields": {"action_time": "2020-11-01T11:53:27.334Z", "user": 1, "content_type": 8, "object_id": "60", "object_repr": "Jaipur, India (JAI)", "action_flag": 1, "change_message": "[{\"added\": {}}]"}}, {"model": "admin.logentry", "pk": 72, "fields": {"action_time": "2020-11-01T11:53:44.038Z", "user": 1, "content_type": 8, "object_id": "61", "object_repr": "Patna, India (PAT)", "action_flag": 1, "change_message": "[{\"added\": {}}]"}}, {"model": "admin.logentry", "pk": 73, "fields": {"action_time": "2020-11-01T11:54:10.156Z", "user": 1, "content_type": 8, "object_id": "62", "object_repr": "Siliguri, India (IXB)", "action_flag": 1, "change_message": "[{\"added\": {}}]"}}, {"model": "admin.logentry", "pk": 74, "fields": {"action_time": "2020-11-01T11:54:33.867Z", "user": 1, "content_type": 8, "object_id": "63", "object_repr": "Imphal, India (IMF)", "action_flag": 1, "change_message": "[{\"added\": {}}]"}}, {"model": "admin.logentry", "pk": 75, "fields": {"action_time": "2020-11-01T11:55:01.696Z", "user": 1, "content_type": 6, "object_id": "1", "object_repr": "1: Ayush Kumar", "action_flag": 2, "change_message": "[{\"changed\": {\"fields\": [\"First name\", \"Last name\"]}}]"}}, {"model": "admin.logentry", "pk": 76, "fields": {"action_time": "2020-11-01T12:29:07.477Z", "user": 1, "content_type": 11, "object_id": "1", "object_repr": "Sunday (1)", "action_flag": 1, "change_message": "[{\"added\": {}}]"}}, {"model": "admin.logentry", "pk": 77, "fields": {"action_time": "2020-11-01T12:29:15.322Z", "user": 1, "content_type": 11, "object_id": "2", "object_repr": "Monday (2)", "action_flag": 1, "change_message": "[{\"added\": {}}]"}}, {"model": "admin.logentry", "pk": 78, "fields": {"action_time": "2020-11-01T12:29:48.128Z", "user": 1, "content_type": 11, "object_id": "3", "object_repr": "Tuesday (3)", "action_flag": 1, "change_message": "[{\"added\": {}}]"}}, {"model": "admin.logentry", "pk": 79, "fields": {"action_time": "2020-11-01T12:29:55.740Z", "user": 1, "content_type": 11, "object_id": "4", "object_repr": "Wednesday (4)", "action_flag": 1, "change_message": "[{\"added\": {}}]"}}, {"model": "admin.logentry", "pk": 80, "fields": {"action_time": "2020-11-01T12:30:07.762Z", "user": 1, "content_type": 11, "object_id": "5", "object_repr": "Thursday (5)", "action_flag": 1, "change_message": "[{\"added\": {}}]"}}, {"model": "admin.logentry", "pk": 81, "fields": {"action_time": "2020-11-01T12:30:13.870Z", "user": 1, "content_type": 11, "object_id": "6", "object_repr": "Friday (6)", "action_flag": 1, "change_message": "[{\"added\": {}}]"}}, {"model": "admin.logentry", "pk": 82, "fields": {"action_time": "2020-11-01T12:30:22.092Z", "user": 1, "content_type": 11, "object_id": "7", "object_repr": "Saturday (7)", "action_flag": 1, "change_message": "[{\"added\": {}}]"}}, {"model": "admin.logentry", "pk": 83, "fields": {"action_time": "2020-11-01T12:41:03.251Z", "user": 1, "content_type": 7, "object_id": "1", "object_repr": "1: Delhi, India (DEL) to Guwahati, India (GAU)", "action_flag": 1, "change_message": "[{\"added\": {}}]"}}, {"model": "admin.logentry", "pk": 84, "fields": {"action_time": "2020-11-01T12:43:01.821Z", "user": 1, "content_type": 7, "object_id": "1", "object_repr": "1: Delhi, India (DEL) to Guwahati, India (GAU)", "action_flag": 2, "change_message": "[{\"changed\": {\"fields\": [\"Fare\"]}}]"}}, {"model": "admin.logentry", "pk": 85, "fields": {"action_time": "2020-11-01T12:55:59.259Z", "user": 1, "content_type": 7, "object_id": "1", "object_repr": "1: Delhi, India (DEL) to Guwahati, India (GAU)", "action_flag": 2, "change_message": "[{\"changed\": {\"fields\": [\"Arrival time\", \"Business fare\", \"First fare\"]}}]"}}, {"model": "admin.logentry", "pk": 86, "fields": {"action_time": "2020-11-01T12:56:15.467Z", "user": 1, "content_type": 7, "object_id": "1", "object_repr": "1: Delhi, India (DEL) to Guwahati, India (GAU)", "action_flag": 2, "change_message": "[]"}}, {"model": "admin.logentry", "pk": 87, "fields": {"action_time": "2020-11-01T12:56:32.985Z", "user": 1, "content_type": 7, "object_id": "1", "object_repr": "1: Delhi, India (DEL) to Guwahati, India (GAU)", "action_flag": 2, "change_message": "[{\"changed\": {\"fields\": [\"Business fare\"]}}]"}}, {"model": "admin.logentry", "pk": 88, "fields": {"action_time": "2020-11-01T12:58:56.478Z", "user": 1, "content_type": 7, "object_id": "2", "object_repr": "2: Delhi, India (DEL) to Guwahati, India (GAU)", "action_flag": 1, "change_message": "[{\"added\": {}}]"}}, {"model": "admin.logentry", "pk": 89, "fields": {"action_time": "2020-11-01T12:59:23.318Z", "user": 1, "content_type": 7, "object_id": "2", "object_repr": "2: Delhi, India (DEL) to Guwahati, India (GAU)", "action_flag": 2, "change_message": "[]"}}, {"model": "admin.logentry", "pk": 90, "fields": {"action_time": "2020-11-01T13:01:52.382Z", "user": 1, "content_type": 7, "object_id": "3", "object_repr": "3: Delhi, India (DEL) to Guwahati, India (GAU)", "action_flag": 1, "change_message": "[{\"added\": {}}]"}}, {"model": "admin.logentry", "pk": 91, "fields": {"action_time": "2020-11-01T13:03:26.223Z", "user": 1, "content_type": 7, "object_id": "4", "object_repr": "4: Delhi, India (DEL) to Guwahati, India (GAU)", "action_flag": 1, "change_message": "[{\"added\": {}}]"}}, {"model": "admin.logentry", "pk": 92, "fields": {"action_time": "2020-11-01T13:07:11.456Z", "user": 1, "content_type": 7, "object_id": "4", "object_repr": "4: Delhi, India (DEL) to Guwahati, India (GAU)", "action_flag": 2, "change_message": "[{\"changed\": {\"fields\": [\"Duration\"]}}]"}}, {"model": "admin.logentry", "pk": 93, "fields": {"action_time": "2020-11-01T13:07:36.468Z", "user": 1, "content_type": 7, "object_id": "4", "object_repr": "4: Delhi, India (DEL) to Guwahati, India (GAU)", "action_flag": 2, "change_message": "[{\"changed\": {\"fields\": [\"Duration\"]}}]"}}, {"model": "admin.logentry", "pk": 94, "fields": {"action_time": "2020-11-01T13:07:45.059Z", "user": 1, "content_type": 7, "object_id": "4", "object_repr": "4: Delhi, India (DEL) to Guwahati, India (GAU)", "action_flag": 2, "change_message": "[{\"changed\": {\"fields\": [\"Duration\"]}}]"}}, {"model": "admin.logentry", "pk": 95, "fields": {"action_time": "2020-11-01T13:09:26.551Z", "user": 1, "content_type": 7, "object_id": "4", "object_repr": "4: Delhi, India (DEL) to Guwahati, India (GAU)", "action_flag": 2, "change_message": "[]"}}, {"model": "admin.logentry", "pk": 96, "fields": {"action_time": "2020-11-01T13:10:47.620Z", "user": 1, "content_type": 7, "object_id": "5", "object_repr": "5: Delhi, India (DEL) to Guwahati, India (GAU)", "action_flag": 1, "change_message": "[{\"added\": {}}]"}}, {"model": "admin.logentry", "pk": 97, "fields": {"action_time": "2020-11-01T13:10:57.924Z", "user": 1, "content_type": 7, "object_id": "5", "object_repr": "5: Delhi, India (DEL) to Guwahati, India (GAU)", "action_flag": 2, "change_message": "[]"}}, {"model": "admin.logentry", "pk": 98, "fields": {"action_time": "2020-11-01T13:13:03.670Z", "user": 1, "content_type": 7, "object_id": "6", "object_repr": "6: Delhi, India (DEL) to Guwahati, India (GAU)", "action_flag": 1, "change_message": "[{\"added\": {}}]"}}, {"model": "admin.logentry", "pk": 99, "fields": {"action_time": "2020-11-01T13:13:08.716Z", "user": 1, "content_type": 7, "object_id": "6", "object_repr": "6: Delhi, India (DEL) to Guwahati, India (GAU)", "action_flag": 2, "change_message": "[]"}}, {"model": "admin.logentry", "pk": 100, "fields": {"action_time": "2020-11-01T14:24:23.260Z", "user": 1, "content_type": 7, "object_id": "7", "object_repr": "7: Guwahati, India (GAU) to Delhi, India (DEL)", "action_flag": 1, "change_message": "[{\"added\": {}}]"}}, {"model": "admin.logentry", "pk": 101, "fields": {"action_time": "2020-11-01T14:24:27.710Z", "user": 1, "content_type": 7, "object_id": "7", "object_repr": "7: Guwahati, India (GAU) to Delhi, India (DEL)", "action_flag": 2, "change_message": "[]"}}, {"model": "admin.logentry", "pk": 102, "fields": {"action_time": "2020-11-01T14:26:00.456Z", "user": 1, "content_type": 7, "object_id": "8", "object_repr": "8: Guwahati, India (GAU) to Delhi, India (DEL)", "action_flag": 1, "change_message": "[{\"added\": {}}]"}}, {"model": "admin.logentry", "pk": 103, "fields": {"action_time": "2020-11-01T14:27:18.264Z", "user": 1, "content_type": 7, "object_id": "9", "object_repr": "9: Guwahati, India (GAU) to Delhi, India (DEL)", "action_flag": 1, "change_message": "[{\"added\": {}}]"}}, {"model": "admin.logentry", "pk": 104, "fields": {"action_time": "2020-11-01T14:28:29.654Z", "user": 1, "content_type": 7, "object_id": "10", "object_repr": "10: Guwahati, India (GAU) to Delhi, India (DEL)", "action_flag": 1, "change_message": "[{\"added\": {}}]"}}, {"model": "admin.logentry", "pk": 105, "fields": {"action_time": "2020-11-02T09:26:15.233Z", "user": 1, "content_type": 11, "object_id": "2", "object_repr": "Monday (0)", "action_flag": 2, "change_message": "[{\"changed\": {\"fields\": [\"Number\"]}}]"}}, {"model": "admin.logentry", "pk": 106, "fields": {"action_time": "2020-11-02T09:26:20.472Z", "user": 1, "content_type": 11, "object_id": "3", "object_repr": "Tuesday (1)", "action_flag": 2, "change_message": "[{\"changed\": {\"fields\": [\"Number\"]}}]"}}, {"model": "admin.logentry", "pk": 107, "fields": {"action_time": "2020-11-02T09:27:52.636Z", "user": 1, "content_type": 11, "object_id": "4", "object_repr": "Wednesday (2)", "action_flag": 2, "change_message": "[{\"changed\": {\"fields\": [\"Number\"]}}]"}}, {"model": "admin.logentry", "pk": 108, "fields": {"action_time": "2020-11-02T09:27:57.188Z", "user": 1, "content_type": 11, "object_id": "5", "object_repr": "Thursday (3)", "action_flag": 2, "change_message": "[{\"changed\": {\"fields\": [\"Number\"]}}]"}}, {"model": "admin.logentry", "pk": 109, "fields": {"action_time": "2020-11-02T09:28:02.105Z", "user": 1, "content_type": 11, "object_id": "6", "object_repr": "Friday (4)", "action_flag": 2, "change_message": "[{\"changed\": {\"fields\": [\"Number\"]}}]"}}, {"model": "admin.logentry", "pk": 110, "fields": {"action_time": "2020-11-02T09:28:21.594Z", "user": 1, "content_type": 11, "object_id": "7", "object_repr": "Saturday (5)", "action_flag": 2, "change_message": "[{\"changed\": {\"fields\": [\"Number\"]}}]"}}, {"model": "admin.logentry", "pk": 111, "fields": {"action_time": "2020-11-02T09:28:26.540Z", "user": 1, "content_type": 11, "object_id": "1", "object_repr": "Sunday (6)", "action_flag": 2, "change_message": "[{\"changed\": {\"fields\": [\"Number\"]}}]"}}, {"model": "admin.logentry", "pk": 112, "fields": {"action_time": "2020-11-07T10:25:30.838Z", "user": 1, "content_type": 7, "object_id": "3", "object_repr": "3: Delhi, India (DEL) to Guwahati, India (GAU)", "action_flag": 2, "change_message": "[{\"changed\": {\"fields\": [\"Duration\"]}}]"}}, {"model": "admin.logentry", "pk": 113, "fields": {"action_time": "2020-11-16T16:10:44.422Z", "user": 1, "content_type": 7, "object_id": "11", "object_repr": "11: Delhi, India (DEL) to New York, United States (JFK)", "action_flag": 1, "change_message": "[{\"added\": {}}]"}}, {"model": "admin.logentry", "pk": 114, "fields": {"action_time": "2020-11-17T15:39:14.842Z", "user": 1, "content_type": 7, "object_id": "11", "object_repr": "11: Delhi, India (DEL) to New York, United States (JFK)", "action_flag": 2, "change_message": "[{\"changed\": {\"fields\": [\"Arrival time\"]}}]"}}, {"model": "admin.logentry", "pk": 115, "fields": {"action_time": "2020-11-19T07:34:28.460Z", "user": 1, "content_type": 10, "object_id": "10", "object_repr": "Passenger: Ayush Kumar, male", "action_flag": 3, "change_message": ""}}, {"model": "admin.logentry", "pk": 116, "fields": {"action_time": "2020-11-19T07:34:28.479Z", "user": 1, "content_type": 10, "object_id": "9", "object_repr": "Passenger: Ayush Kumar, male", "action_flag": 3, "change_message": ""}}, {"model": "admin.logentry", "pk": 117, "fields": {"action_time": "2020-11-19T07:34:28.510Z", "user": 1, "content_type": 10, "object_id": "8", "object_repr": "Passenger: Ayush Kumar, male", "action_flag": 3, "change_message": ""}}, {"model": "admin.logentry", "pk": 118, "fields": {"action_time": "2020-11-19T07:34:28.523Z", "user": 1, "content_type": 10, "object_id": "7", "object_repr": "Passenger: Ayush Kumar, male", "action_flag": 3, "change_message": ""}}, {"model": "admin.logentry", "pk": 119, "fields": {"action_time": "2020-11-19T07:34:28.537Z", "user": 1, "content_type": 10, "object_id": "6", "object_repr": "Passenger: Ayush Kumar, male", "action_flag": 3, "change_message": ""}}, {"model": "admin.logentry", "pk": 120, "fields": {"action_time": "2020-11-19T07:34:28.552Z", "user": 1, "content_type": 10, "object_id": "5", "object_repr": "Passenger: Ayush Kumar, male", "action_flag": 3, "change_message": ""}}, {"model": "admin.logentry", "pk": 121, "fields": {"action_time": "2020-11-19T07:34:28.564Z", "user": 1, "content_type": 10, "object_id": "4", "object_repr": "Passenger: Ayush Kumar, male", "action_flag": 3, "change_message": ""}}, {"model": "admin.logentry", "pk": 122, "fields": {"action_time": "2020-11-19T07:34:28.579Z", "user": 1, "content_type": 10, "object_id": "3", "object_repr": "Passenger: Ayush Kumar, male", "action_flag": 3, "change_message": ""}}, {"model": "admin.logentry", "pk": 123, "fields": {"action_time": "2020-11-19T07:34:28.591Z", "user": 1, "content_type": 10, "object_id": "2", "object_repr": "Passenger: Ayush Kumar, male", "action_flag": 3, "change_message": ""}}, {"model": "admin.logentry", "pk": 124, "fields": {"action_time": "2020-11-19T07:34:28.606Z", "user": 1, "content_type": 10, "object_id": "1", "object_repr": "Passenger: Ayush Kumar, male", "action_flag": 3, "change_message": ""}}, {"model": "admin.logentry", "pk": 125, "fields": {"action_time": "2020-11-19T07:46:08.850Z", "user": 1, "content_type": 12, "object_id": "2", "object_repr": "Ticket object (2)", "action_flag": 3, "change_message": ""}}, {"model": "admin.logentry", "pk": 126, "fields": {"action_time": "2020-11-19T07:55:31.243Z", "user": 1, "content_type": 12, "object_id": "5", "object_repr": "Ticket object (5)", "action_flag": 3, "change_message": ""}}, {"model": "admin.logentry", "pk": 127, "fields": {"action_time": "2020-11-19T07:55:31.259Z", "user": 1, "content_type": 12, "object_id": "4", "object_repr": "Ticket object (4)", "action_flag": 3, "change_message": ""}}, {"model": "admin.logentry", "pk": 128, "fields": {"action_time": "2020-11-19T07:55:31.270Z", "user": 1, "content_type": 12, "object_id": "3", "object_repr": "Ticket object (3)", "action_flag": 3, "change_message": ""}}, {"model": "admin.logentry", "pk": 129, "fields": {"action_time": "2020-11-19T07:55:31.283Z", "user": 1, "content_type": 12, "object_id": "1", "object_repr": "Ticket object (1)", "action_flag": 3, "change_message": ""}}, {"model": "admin.logentry", "pk": 130, "fields": {"action_time": "2020-11-19T07:55:55.727Z", "user": 1, "content_type": 10, "object_id": "17", "object_repr": "Passenger: Ayush Kumar, male", "action_flag": 3, "change_message": ""}}, {"model": "admin.logentry", "pk": 131, "fields": {"action_time": "2020-11-19T07:55:55.741Z", "user": 1, "content_type": 10, "object_id": "16", "object_repr": "Passenger: Ayush Kumar, male", "action_flag": 3, "change_message": ""}}, {"model": "admin.logentry", "pk": 132, "fields": {"action_time": "2020-11-19T07:55:55.756Z", "user": 1, "content_type": 10, "object_id": "15", "object_repr": "Passenger: Ayush Kumar, male", "action_flag": 3, "change_message": ""}}, {"model": "admin.logentry", "pk": 133, "fields": {"action_time": "2020-11-19T07:55:55.771Z", "user": 1, "content_type": 10, "object_id": "14", "object_repr": "Passenger: Ayush Kumar, male", "action_flag": 3, "change_message": ""}}, {"model": "admin.logentry", "pk": 134, "fields": {"action_time": "2020-11-19T07:55:55.786Z", "user": 1, "content_type": 10, "object_id": "13", "object_repr": "Passenger: Ayush Kumar, male", "action_flag": 3, "change_message": ""}}, {"model": "admin.logentry", "pk": 135, "fields": {"action_time": "2020-11-19T07:55:55.798Z", "user": 1, "content_type": 10, "object_id": "12", "object_repr": "Passenger: Ayush Kumar, male", "action_flag": 3, "change_message": ""}}, {"model": "admin.logentry", "pk": 136, "fields": {"action_time": "2020-11-19T07:55:55.813Z", "user": 1, "content_type": 10, "object_id": "11", "object_repr": "Passenger: Ayush Kumar, male", "action_flag": 3, "change_message": ""}}, {"model": "admin.logentry", "pk": 137, "fields": {"action_time": "2020-11-19T16:07:43.845Z", "user": 1, "content_type": 12, "object_id": "7", "object_repr": "Ticket object (7)", "action_flag": 2, "change_message": "[{\"changed\": {\"fields\": [\"Status\"]}}]"}}, {"model": "admin.logentry", "pk": 138, "fields": {"action_time": "2020-11-19T16:07:51.947Z", "user": 1, "content_type": 12, "object_id": "6", "object_repr": "Ticket object (6)", "action_flag": 2, "change_message": "[{\"changed\": {\"fields\": [\"Status\"]}}]"}}, {"model": "admin.logentry", "pk": 139, "fields": {"action_time": "2020-11-19T16:08:05.002Z", "user": 1, "content_type": 12, "object_id": "7", "object_repr": "Ticket object (7)", "action_flag": 3, "change_message": ""}}, {"model": "admin.logentry", "pk": 140, "fields": {"action_time": "2020-11-19T16:08:05.020Z", "user": 1, "content_type": 12, "object_id": "6", "object_repr": "Ticket object (6)", "action_flag": 3, "change_message": ""}}, {"model": "admin.logentry", "pk": 141, "fields": {"action_time": "2020-11-21T09:25:54.354Z", "user": 1, "content_type": 12, "object_id": "14", "object_repr": "Ticket object (14)", "action_flag": 3, "change_message": ""}}, {"model": "admin.logentry", "pk": 142, "fields": {"action_time": "2020-11-21T09:25:54.371Z", "user": 1, "content_type": 12, "object_id": "13", "object_repr": "Ticket object (13)", "action_flag": 3, "change_message": ""}}, {"model": "admin.logentry", "pk": 143, "fields": {"action_time": "2020-11-21T09:25:54.380Z", "user": 1, "content_type": 12, "object_id": "12", "object_repr": "Ticket object (12)", "action_flag": 3, "change_message": ""}}, {"model": "admin.logentry", "pk": 144, "fields": {"action_time": "2020-11-21T09:25:54.391Z", "user": 1, "content_type": 12, "object_id": "11", "object_repr": "Ticket object (11)", "action_flag": 3, "change_message": ""}}, {"model": "admin.logentry", "pk": 145, "fields": {"action_time": "2020-11-21T09:25:54.400Z", "user": 1, "content_type": 12, "object_id": "10", "object_repr": "Ticket object (10)", "action_flag": 3, "change_message": ""}}, {"model": "admin.logentry", "pk": 146, "fields": {"action_time": "2020-11-21T09:25:54.410Z", "user": 1, "content_type": 12, "object_id": "9", "object_repr": "Ticket object (9)", "action_flag": 3, "change_message": ""}}, {"model": "admin.logentry", "pk": 147, "fields": {"action_time": "2020-11-21T09:25:54.421Z", "user": 1, "content_type": 12, "object_id": "8", "object_repr": "Ticket object (8)", "action_flag": 3, "change_message": ""}}, {"model": "admin.logentry", "pk": 148, "fields": {"action_time": "2020-11-21T11:55:46.257Z", "user": 1, "content_type": 12, "object_id": "17", "object_repr": "Ticket object (17)", "action_flag": 3, "change_message": ""}}, {"model": "admin.logentry", "pk": 149, "fields": {"action_time": "2020-11-21T11:55:46.270Z", "user": 1, "content_type": 12, "object_id": "16", "object_repr": "Ticket object (16)", "action_flag": 3, "change_message": ""}}, {"model": "admin.logentry", "pk": 150, "fields": {"action_time": "2020-11-21T12:01:39.803Z", "user": 1, "content_type": 12, "object_id": "18", "object_repr": "Ticket object (18)", "action_flag": 3, "change_message": ""}}, {"model": "admin.logentry", "pk": 151, "fields": {"action_time": "2020-11-23T06:46:54.794Z", "user": 1, "content_type": 12, "object_id": "24", "object_repr": "Ticket object (24)", "action_flag": 3, "change_message": ""}}, {"model": "admin.logentry", "pk": 152, "fields": {"action_time": "2020-11-23T06:55:20.280Z", "user": 1, "content_type": 12, "object_id": "26", "object_repr": "Ticket object (26)", "action_flag": 2, "change_message": "[{\"changed\": {\"fields\": [\"Status\"]}}]"}}, {"model": "admin.logentry", "pk": 153, "fields": {"action_time": "2020-11-23T16:14:34.400Z", "user": 1, "content_type": 12, "object_id": "25", "object_repr": "Ticket object (25)", "action_flag": 2, "change_message": "[{\"changed\": {\"fields\": [\"Status\"]}}]"}}, {"model": "admin.logentry", "pk": 154, "fields": {"action_time": "2020-11-23T16:15:25.827Z", "user": 1, "content_type": 12, "object_id": "25", "object_repr": "Ticket object (25)", "action_flag": 2, "change_message": "[{\"changed\": {\"fields\": [\"Status\"]}}]"}}, {"model": "admin.logentry", "pk": 155, "fields": {"action_time": "2020-11-23T16:19:37.552Z", "user": 1, "content_type": 12, "object_id": "25", "object_repr": "Ticket object (25)", "action_flag": 2, "change_message": "[{\"changed\": {\"fields\": [\"Status\"]}}]"}}, {"model": "admin.logentry", "pk": 156, "fields": {"action_time": "2020-11-23T16:27:42.142Z", "user": 1, "content_type": 12, "object_id": "25", "object_repr": "Ticket object (25)", "action_flag": 2, "change_message": "[{\"changed\": {\"fields\": [\"Status\"]}}]"}}, {"model": "admin.logentry", "pk": 157, "fields": {"action_time": "2020-11-23T16:28:32.425Z", "user": 1, "content_type": 12, "object_id": "15", "object_repr": "Ticket object (15)", "action_flag": 2, "change_message": "[{\"changed\": {\"fields\": [\"Status\"]}}]"}}, {"model": "admin.logentry", "pk": 158, "fields": {"action_time": "2020-11-23T16:50:24.870Z", "user": 1, "content_type": 12, "object_id": "25", "object_repr": "Ticket object (25)", "action_flag": 2, "change_message": "[{\"changed\": {\"fields\": [\"Status\"]}}]"}}, {"model": "admin.logentry", "pk": 159, "fields": {"action_time": "2020-11-30T05:43:06.140Z", "user": 1, "content_type": 12, "object_id": "49", "object_repr": "AE2704", "action_flag": 3, "change_message": ""}}, {"model": "admin.logentry", "pk": 160, "fields": {"action_time": "2020-11-30T05:43:06.153Z", "user": 1, "content_type": 12, "object_id": "48", "object_repr": "C85B6F", "action_flag": 3, "change_message": ""}}, {"model": "admin.logentry", "pk": 161, "fields": {"action_time": "2020-11-30T05:43:06.161Z", "user": 1, "content_type": 12, "object_id": "47", "object_repr": "FFF246", "action_flag": 3, "change_message": ""}}, {"model": "admin.logentry", "pk": 162, "fields": {"action_time": "2020-11-30T05:43:06.170Z", "user": 1, "content_type": 12, "object_id": "45", "object_repr": "AA8A55", "action_flag": 3, "change_message": ""}}, {"model": "admin.logentry", "pk": 163, "fields": {"action_time": "2020-11-30T05:43:42.801Z", "user": 1, "content_type": 12, "object_id": "41", "object_repr": "28F6DD", "action_flag": 3, "change_message": ""}}, {"model": "admin.logentry", "pk": 164, "fields": {"action_time": "2020-11-30T05:43:42.811Z", "user": 1, "content_type": 12, "object_id": "40", "object_repr": "D78945", "action_flag": 3, "change_message": ""}}, {"model": "admin.logentry", "pk": 165, "fields": {"action_time": "2020-11-30T05:43:42.822Z", "user": 1, "content_type": 12, "object_id": "39", "object_repr": "20A00E", "action_flag": 3, "change_message": ""}}, {"model": "admin.logentry", "pk": 166, "fields": {"action_time": "2020-11-30T05:43:42.833Z", "user": 1, "content_type": 12, "object_id": "38", "object_repr": "28EC4F", "action_flag": 3, "change_message": ""}}, {"model": "admin.logentry", "pk": 167, "fields": {"action_time": "2020-11-30T05:44:54.227Z", "user": 1, "content_type": 12, "object_id": "46", "object_repr": "E2D697", "action_flag": 3, "change_message": ""}}, {"model": "admin.logentry", "pk": 168, "fields": {"action_time": "2020-11-30T05:44:54.238Z", "user": 1, "content_type": 12, "object_id": "44", "object_repr": "15E35B", "action_flag": 3, "change_message": ""}}, {"model": "admin.logentry", "pk": 169, "fields": {"action_time": "2020-11-30T05:44:54.247Z", "user": 1, "content_type": 12, "object_id": "43", "object_repr": "D645A2", "action_flag": 3, "change_message": ""}}, {"model": "admin.logentry", "pk": 170, "fields": {"action_time": "2020-11-30T05:44:54.256Z", "user": 1, "content_type": 12, "object_id": "42", "object_repr": "FA79CE", "action_flag": 3, "change_message": ""}}, {"model": "admin.logentry", "pk": 171, "fields": {"action_time": "2020-11-30T05:44:54.265Z", "user": 1, "content_type": 12, "object_id": "37", "object_repr": "F10FD2", "action_flag": 3, "change_message": ""}}, {"model": "admin.logentry", "pk": 172, "fields": {"action_time": "2020-11-30T05:44:54.274Z", "user": 1, "content_type": 12, "object_id": "36", "object_repr": "7E9243", "action_flag": 3, "change_message": ""}}, {"model": "admin.logentry", "pk": 173, "fields": {"action_time": "2020-11-30T05:44:54.284Z", "user": 1, "content_type": 12, "object_id": "35", "object_repr": "9034C4", "action_flag": 3, "change_message": ""}}, {"model": "admin.logentry", "pk": 174, "fields": {"action_time": "2020-11-30T05:45:37.623Z", "user": 1, "content_type": 12, "object_id": "34", "object_repr": "56391A", "action_flag": 3, "change_message": ""}}, {"model": "admin.logentry", "pk": 175, "fields": {"action_time": "2020-11-30T05:45:37.633Z", "user": 1, "content_type": 12, "object_id": "33", "object_repr": "9386E6", "action_flag": 3, "change_message": ""}}, {"model": "admin.logentry", "pk": 176, "fields": {"action_time": "2020-11-30T05:45:37.642Z", "user": 1, "content_type": 12, "object_id": "32", "object_repr": "83F425", "action_flag": 3, "change_message": ""}}, {"model": "admin.logentry", "pk": 177, "fields": {"action_time": "2020-11-30T05:45:37.653Z", "user": 1, "content_type": 12, "object_id": "31", "object_repr": "DC9454", "action_flag": 3, "change_message": ""}}, {"model": "admin.logentry", "pk": 178, "fields": {"action_time": "2020-11-30T05:45:37.663Z", "user": 1, "content_type": 12, "object_id": "30", "object_repr": "C5E42F", "action_flag": 3, "change_message": ""}}, {"model": "admin.logentry", "pk": 179, "fields": {"action_time": "2020-11-30T05:45:37.675Z", "user": 1, "content_type": 12, "object_id": "29", "object_repr": "5ECA9A", "action_flag": 3, "change_message": ""}}, {"model": "admin.logentry", "pk": 180, "fields": {"action_time": "2020-11-30T05:45:37.684Z", "user": 1, "content_type": 12, "object_id": "28", "object_repr": "AD7056", "action_flag": 3, "change_message": ""}}, {"model": "admin.logentry", "pk": 181, "fields": {"action_time": "2020-11-30T05:45:37.693Z", "user": 1, "content_type": 12, "object_id": "27", "object_repr": "0FF12D", "action_flag": 3, "change_message": ""}}, {"model": "admin.logentry", "pk": 182, "fields": {"action_time": "2020-11-30T05:46:50.274Z", "user": 1, "content_type": 12, "object_id": "54", "object_repr": "7B6D3E", "action_flag": 3, "change_message": ""}}, {"model": "admin.logentry", "pk": 183, "fields": {"action_time": "2020-11-30T05:46:50.285Z", "user": 1, "content_type": 12, "object_id": "53", "object_repr": "D15868", "action_flag": 3, "change_message": ""}}, {"model": "admin.logentry", "pk": 184, "fields": {"action_time": "2020-11-30T05:47:38.253Z", "user": 1, "content_type": 12, "object_id": "22", "object_repr": "5C7059", "action_flag": 3, "change_message": ""}}, {"model": "admin.logentry", "pk": 185, "fields": {"action_time": "2020-11-30T05:47:38.265Z", "user": 1, "content_type": 12, "object_id": "21", "object_repr": "0E0A6F", "action_flag": 3, "change_message": ""}}, {"model": "admin.logentry", "pk": 186, "fields": {"action_time": "2020-11-30T05:47:38.275Z", "user": 1, "content_type": 12, "object_id": "20", "object_repr": "67D46E", "action_flag": 3, "change_message": ""}}, {"model": "admin.logentry", "pk": 187, "fields": {"action_time": "2020-11-30T05:49:25.339Z", "user": 1, "content_type": 12, "object_id": "51", "object_repr": "986E4C", "action_flag": 3, "change_message": ""}}, {"model": "admin.logentry", "pk": 188, "fields": {"action_time": "2020-11-30T05:49:25.349Z", "user": 1, "content_type": 12, "object_id": "50", "object_repr": "2D7253", "action_flag": 3, "change_message": ""}}, {"model": "admin.logentry", "pk": 189, "fields": {"action_time": "2020-11-30T06:04:12.168Z", "user": 1, "content_type": 7, "object_id": "12", "object_repr": "12: London, United Kingdom (LHR) to Tokyo, Japan (HND)", "action_flag": 1, "change_message": "[{\"added\": {}}]"}}, {"model": "admin.logentry", "pk": 190, "fields": {"action_time": "2020-11-30T06:08:38.784Z", "user": 1, "content_type": 8, "object_id": "64", "object_repr": "Sydney, Australia (SYD)", "action_flag": 1, "change_message": "[{\"added\": {}}]"}}, {"model": "admin.logentry", "pk": 191, "fields": {"action_time": "2020-11-30T06:11:40.937Z", "user": 1, "content_type": 7, "object_id": "13", "object_repr": "13: Sydney, Australia (SYD) to Seoul, South Korea (ICN)", "action_flag": 1, "change_message": "[{\"added\": {}}]"}}, {"model": "admin.logentry", "pk": 192, "fields": {"action_time": "2020-11-30T06:14:45.930Z", "user": 1, "content_type": 7, "object_id": "14", "object_repr": "14: Delhi, India (DEL) to Imphal, India (IMF)", "action_flag": 1, "change_message": "[{\"added\": {}}]"}}, {"model": "admin.logentry", "pk": 193, "fields": {"action_time": "2020-11-30T06:16:32.819Z", "user": 1, "content_type": 7, "object_id": "15", "object_repr": "15: Imphal, India (IMF) to Delhi, India (DEL)", "action_flag": 1, "change_message": "[{\"added\": {}}]"}}, {"model": "admin.logentry", "pk": 194, "fields": {"action_time": "2020-11-30T06:18:03.956Z", "user": 1, "content_type": 7, "object_id": "16", "object_repr": "16: Imphal, India (IMF) to Delhi, India (DEL)", "action_flag": 1, "change_message": "[{\"added\": {}}]"}}, {"model": "admin.logentry", "pk": 195, "fields": {"action_time": "2020-11-30T06:21:26.138Z", "user": 1, "content_type": 7, "object_id": "17", "object_repr": "17: Delhi, India (DEL) to Imphal, India (IMF)", "action_flag": 1, "change_message": "[{\"added\": {}}]"}}, {"model": "admin.logentry", "pk": 196, "fields": {"action_time": "2020-11-30T06:22:47.168Z", "user": 1, "content_type": 7, "object_id": "18", "object_repr": "18: Delhi, India (DEL) to Imphal, India (IMF)", "action_flag": 1, "change_message": "[{\"added\": {}}]"}}, {"model": "admin.logentry", "pk": 197, "fields": {"action_time": "2020-11-30T06:27:20.140Z", "user": 1, "content_type": 7, "object_id": "19", "object_repr": "19: Delhi, India (DEL) to Imphal, India (IMF)", "action_flag": 1, "change_message": "[{\"added\": {}}]"}}, {"model": "admin.logentry", "pk": 198, "fields": {"action_time": "2020-11-30T06:28:52.940Z", "user": 1, "content_type": 7, "object_id": "20", "object_repr": "20: Imphal, India (IMF) to Delhi, India (DEL)", "action_flag": 1, "change_message": "[{\"added\": {}}]"}}, {"model": "admin.logentry", "pk": 199, "fields": {"action_time": "2020-11-30T06:32:13.185Z", "user": 1, "content_type": 7, "object_id": "21", "object_repr": "21: Delhi, India (DEL) to Imphal, India (IMF)", "action_flag": 1, "change_message": "[{\"added\": {}}]"}}, {"model": "admin.logentry", "pk": 200, "fields": {"action_time": "2020-11-30T06:32:23.895Z", "user": 1, "content_type": 7, "object_id": "22", "object_repr": "22: Delhi, India (DEL) to Imphal, India (IMF)", "action_flag": 1, "change_message": "[{\"added\": {}}]"}}, {"model": "admin.logentry", "pk": 201, "fields": {"action_time": "2020-11-30T06:32:46.253Z", "user": 1, "content_type": 7, "object_id": "22", "object_repr": "22: Delhi, India (DEL) to Imphal, India (IMF)", "action_flag": 3, "change_message": ""}}, {"model": "admin.logentry", "pk": 202, "fields": {"action_time": "2020-11-30T06:34:29.171Z", "user": 1, "content_type": 7, "object_id": "23", "object_repr": "23: Imphal, India (IMF) to Delhi, India (DEL)", "action_flag": 1, "change_message": "[{\"added\": {}}]"}}, {"model": "admin.logentry", "pk": 203, "fields": {"action_time": "2020-11-30T06:37:34.333Z", "user": 1, "content_type": 7, "object_id": "24", "object_repr": "24: Delhi, India (DEL) to Imphal, India (IMF)", "action_flag": 1, "change_message": "[{\"added\": {}}]"}}, {"model": "admin.logentry", "pk": 204, "fields": {"action_time": "2020-11-30T06:38:06.038Z", "user": 1, "content_type": 7, "object_id": "21", "object_repr": "21: Delhi, India (DEL) to Imphal, India (IMF)", "action_flag": 2, "change_message": "[{\"changed\": {\"fields\": [\"Economy fare\"]}}]"}}, {"model": "admin.logentry", "pk": 205, "fields": {"action_time": "2020-11-30T06:41:26.422Z", "user": 1, "content_type": 8, "object_id": "48", "object_repr": "Sydney, Australia (SYD)", "action_flag": 3, "change_message": ""}}, {"model": "admin.logentry", "pk": 206, "fields": {"action_time": "2020-11-30T07:30:19.566Z", "user": 1, "content_type": 12, "object_id": "59", "object_repr": "E52AB0", "action_flag": 2, "change_message": "[{\"changed\": {\"fields\": [\"Booking date\", \"Status\"]}}]"}}, {"model": "admin.logentry", "pk": 207, "fields": {"action_time": "2020-11-30T07:30:46.836Z", "user": 1, "content_type": 12, "object_id": "59", "object_repr": "E52AB0", "action_flag": 2, "change_message": "[{\"changed\": {\"fields\": [\"Status\"]}}]"}}, {"model": "admin.logentry", "pk": 208, "fields": {"action_time": "2020-11-30T07:35:33.687Z", "user": 1, "content_type": 12, "object_id": "61", "object_repr": "D18636", "action_flag": 2, "change_message": "[{\"changed\": {\"fields\": [\"Status\"]}}]"}}, {"model": "admin.logentry", "pk": 209, "fields": {"action_time": "2020-11-30T10:29:26.271Z", "user": 1, "content_type": 12, "object_id": "63", "object_repr": "B01037", "action_flag": 3, "change_message": ""}}, {"model": "admin.logentry", "pk": 210, "fields": {"action_time": "2020-11-30T10:29:26.517Z", "user": 1, "content_type": 12, "object_id": "62", "object_repr": "3BFE55", "action_flag": 3, "change_message": ""}}, {"model": "admin.logentry", "pk": 211, "fields": {"action_time": "2020-11-30T13:56:42.406Z", "user": 1, "content_type": 12, "object_id": "65", "object_repr": "6B4112", "action_flag": 3, "change_message": ""}}, {"model": "admin.logentry", "pk": 212, "fields": {"action_time": "2020-11-30T13:56:42.438Z", "user": 1, "content_type": 12, "object_id": "64", "object_repr": "6C9672", "action_flag": 3, "change_message": ""}}, {"model": "admin.logentry", "pk": 213, "fields": {"action_time": "2022-03-18T05:10:34.004Z", "user": 5, "content_type": 6, "object_id": "1", "object_repr": "1: Ayush Kumar", "action_flag": 2, "change_message": "[{\"changed\": {\"fields\": [\"Password\"]}}]"}}, {"model": "admin.logentry", "pk": 214, "fields": {"action_time": "2022-03-18T05:11:25.226Z", "user": 5, "content_type": 6, "object_id": "2", "object_repr": "2: Liu Yang", "action_flag": 2, "change_message": "[{\"changed\": {\"fields\": [\"Password\"]}}]"}}, {"model": "admin.logentry", "pk": 215, "fields": {"action_time": "2022-03-18T05:12:20.689Z", "user": 5, "content_type": 6, "object_id": "2", "object_repr": "2: Liu Yang", "action_flag": 2, "change_message": "[{\"changed\": {\"fields\": [\"Last login\", \"Staff status\"]}}]"}}, {"model": "admin.logentry", "pk": 216, "fields": {"action_time": "2022-03-18T05:13:03.925Z", "user": 5, "content_type": 6, "object_id": "2", "object_repr": "2: Liu Yang", "action_flag": 2, "change_message": "[{\"changed\": {\"fields\": [\"Superuser status\"]}}]"}}, {"model": "auth.permission", "pk": 1, "fields": {"name": "Can add log entry", "content_type": 1, "codename": "add_logentry"}}, {"model": "auth.permission", "pk": 2, "fields": {"name": "Can change log entry", "content_type": 1, "codename": "change_logentry"}}, {"model": "auth.permission", "pk": 3, "fields": {"name": "Can delete log entry", "content_type": 1, "codename": "delete_logentry"}}, {"model": "auth.permission", "pk": 4, "fields": {"name": "Can view log entry", "content_type": 1, "codename": "view_logentry"}}, {"model": "auth.permission", "pk": 5, "fields": {"name": "Can add permission", "content_type": 2, "codename": "add_permission"}}, {"model": "auth.permission", "pk": 6, "fields": {"name": "Can change permission", "content_type": 2, "codename": "change_permission"}}, {"model": "auth.permission", "pk": 7, "fields": {"name": "Can delete permission", "content_type": 2, "codename": "delete_permission"}}, {"model": "auth.permission", "pk": 8, "fields": {"name": "Can view permission", "content_type": 2, "codename": "view_permission"}}, {"model": "auth.permission", "pk": 9, "fields": {"name": "Can add group", "content_type": 3, "codename": "add_group"}}, {"model": "auth.permission", "pk": 10, "fields": {"name": "Can change group", "content_type": 3, "codename": "change_group"}}, {"model": "auth.permission", "pk": 11, "fields": {"name": "Can delete group", "content_type": 3, "codename": "delete_group"}}, {"model": "auth.permission", "pk": 12, "fields": {"name": "Can view group", "content_type": 3, "codename": "view_group"}}, {"model": "auth.permission", "pk": 13, "fields": {"name": "Can add content type", "content_type": 4, "codename": "add_contenttype"}}, {"model": "auth.permission", "pk": 14, "fields": {"name": "Can change content type", "content_type": 4, "codename": "change_contenttype"}}, {"model": "auth.permission", "pk": 15, "fields": {"name": "Can delete content type", "content_type": 4, "codename": "delete_contenttype"}}, {"model": "auth.permission", "pk": 16, "fields": {"name": "Can view content type", "content_type": 4, "codename": "view_contenttype"}}, {"model": "auth.permission", "pk": 17, "fields": {"name": "Can add session", "content_type": 5, "codename": "add_session"}}, {"model": "auth.permission", "pk": 18, "fields": {"name": "Can change session", "content_type": 5, "codename": "change_session"}}, {"model": "auth.permission", "pk": 19, "fields": {"name": "Can delete session", "content_type": 5, "codename": "delete_session"}}, {"model": "auth.permission", "pk": 20, "fields": {"name": "Can view session", "content_type": 5, "codename": "view_session"}}, {"model": "auth.permission", "pk": 21, "fields": {"name": "Can add user", "content_type": 6, "codename": "add_user"}}, {"model": "auth.permission", "pk": 22, "fields": {"name": "Can change user", "content_type": 6, "codename": "change_user"}}, {"model": "auth.permission", "pk": 23, "fields": {"name": "Can delete user", "content_type": 6, "codename": "delete_user"}}, {"model": "auth.permission", "pk": 24, "fields": {"name": "Can view user", "content_type": 6, "codename": "view_user"}}, {"model": "auth.permission", "pk": 25, "fields": {"name": "Can add flight", "content_type": 7, "codename": "add_flight"}}, {"model": "auth.permission", "pk": 26, "fields": {"name": "Can change flight", "content_type": 7, "codename": "change_flight"}}, {"model": "auth.permission", "pk": 27, "fields": {"name": "Can delete flight", "content_type": 7, "codename": "delete_flight"}}, {"model": "auth.permission", "pk": 28, "fields": {"name": "Can view flight", "content_type": 7, "codename": "view_flight"}}, {"model": "auth.permission", "pk": 29, "fields": {"name": "Can add place", "content_type": 8, "codename": "add_place"}}, {"model": "auth.permission", "pk": 30, "fields": {"name": "Can change place", "content_type": 8, "codename": "change_place"}}, {"model": "auth.permission", "pk": 31, "fields": {"name": "Can delete place", "content_type": 8, "codename": "delete_place"}}, {"model": "auth.permission", "pk": 32, "fields": {"name": "Can view place", "content_type": 8, "codename": "view_place"}}, {"model": "auth.permission", "pk": 33, "fields": {"name": "Can add week day", "content_type": 9, "codename": "add_weekday"}}, {"model": "auth.permission", "pk": 34, "fields": {"name": "Can change week day", "content_type": 9, "codename": "change_weekday"}}, {"model": "auth.permission", "pk": 35, "fields": {"name": "Can delete week day", "content_type": 9, "codename": "delete_weekday"}}, {"model": "auth.permission", "pk": 36, "fields": {"name": "Can view week day", "content_type": 9, "codename": "view_weekday"}}, {"model": "auth.permission", "pk": 37, "fields": {"name": "Can add passenger", "content_type": 10, "codename": "add_passenger"}}, {"model": "auth.permission", "pk": 38, "fields": {"name": "Can change passenger", "content_type": 10, "codename": "change_passenger"}}, {"model": "auth.permission", "pk": 39, "fields": {"name": "Can delete passenger", "content_type": 10, "codename": "delete_passenger"}}, {"model": "auth.permission", "pk": 40, "fields": {"name": "Can view passenger", "content_type": 10, "codename": "view_passenger"}}, {"model": "auth.permission", "pk": 41, "fields": {"name": "Can add week", "content_type": 11, "codename": "add_week"}}, {"model": "auth.permission", "pk": 42, "fields": {"name": "Can change week", "content_type": 11, "codename": "change_week"}}, {"model": "auth.permission", "pk": 43, "fields": {"name": "Can delete week", "content_type": 11, "codename": "delete_week"}}, {"model": "auth.permission", "pk": 44, "fields": {"name": "Can view week", "content_type": 11, "codename": "view_week"}}, {"model": "auth.permission", "pk": 45, "fields": {"name": "Can add ticket", "content_type": 12, "codename": "add_ticket"}}, {"model": "auth.permission", "pk": 46, "fields": {"name": "Can change ticket", "content_type": 12, "codename": "change_ticket"}}, {"model": "auth.permission", "pk": 47, "fields": {"name": "Can delete ticket", "content_type": 12, "codename": "delete_ticket"}}, {"model": "auth.permission", "pk": 48, "fields": {"name": "Can view ticket", "content_type": 12, "codename": "view_ticket"}}, {"model": "contenttypes.contenttype", "pk": 1, "fields": {"app_label": "admin", "model": "logentry"}}, {"model": "contenttypes.contenttype", "pk": 2, "fields": {"app_label": "auth", "model": "permission"}}, {"model": "contenttypes.contenttype", "pk": 3, "fields": {"app_label": "auth", "model": "group"}}, {"model": "contenttypes.contenttype", "pk": 4, "fields": {"app_label": "contenttypes", "model": "contenttype"}}, {"model": "contenttypes.contenttype", "pk": 5, "fields": {"app_label": "sessions", "model": "session"}}, {"model": "contenttypes.contenttype", "pk": 6, "fields": {"app_label": "flight", "model": "user"}}, {"model": "contenttypes.contenttype", "pk": 7, "fields": {"app_label": "flight", "model": "flight"}}, {"model": "contenttypes.contenttype", "pk": 8, "fields": {"app_label": "flight", "model": "place"}}, {"model": "contenttypes.contenttype", "pk": 9, "fields": {"app_label": "flight", "model": "weekday"}}, {"model": "contenttypes.contenttype", "pk": 10, "fields": {"app_label": "flight", "model": "passenger"}}, {"model": "contenttypes.contenttype", "pk": 11, "fields": {"app_label": "flight", "model": "week"}}, {"model": "contenttypes.contenttype", "pk": 12, "fields": {"app_label": "flight", "model": "ticket"}}, {"model": "sessions.session", "pk": "06quypa3nnk072pyq9xx1u4a2nsfpgty", "fields": {"session_data": ".eJxVjDsOwjAQBe_iGlmb2Lt2KOlzhmjXHxJAtpRPhbg7iZQC2jcz760G3tZx2JY0D1NUV9Woy-8mHJ6pHCA-uNyrDrWs8yT6UPRJF93XmF630_07GHkZ95qSbQWsz75DykwAvsuCQI4wIJJAJ9YYh4ChBXAhANJeGPapYSvq8wW0Rzam:1kh5bD:jvZpCx4jGhUMvvScrbJt8Woz1g-UyWZlkmEaEyNSjxg", "expire_date": "2020-12-07T06:45:19.373Z"}}, {"model": "sessions.session", "pk": "73mk7yrvetogvzf243ant7m946ac8hj0", "fields": {"session_data": ".eJxVjDsOwjAQBe_iGlm2d-NkKelzBsvrDw4gR4qTCnF3EikFtDPz3ls4v63FbS0tboriKoy4_DL24ZnqIeLD1_ssw1zXZWJ5JPK0TY5zTK_b2f4dFN_KvrY5hRQjZvBEqC1xQtC5A9PtjDISE-ZB2R4HE3oTFJBCZZnBa7BRfL7nZDdT:1kjxzp:eq9fLNkfJJrV1NJcTAUn_K1cPZr2poT_mg4nD5s0nTc", "expire_date": "2020-12-15T05:14:37.315Z"}}, {"model": "sessions.session", "pk": "lspccn9d9ncmklmzwn4pgpn6tqosyi2d", "fields": {"session_data": ".eJxVjDsOwjAQBe_iGlmb2Lt2KOlzhmjXHxJAtpRPhbg7iZQC2jcz760G3tZx2JY0D1NUV9Woy-8mHJ6pHCA-uNyrDrWs8yT6UPRJF93XmF630_07GHkZ95qSbQWsz75DykwAvsuCQI4wIJJAJ9YYh4ChBXAhANJeGPapYSvq8wW0Rzam:1kfmSw:dfMgdx1jfwMYRNMeip0LlVVmoeTsETUZpoDwUIYv_2Q", "expire_date": "2020-12-03T16:07:22.144Z"}}, {"model": "sessions.session", "pk": "rbxhcdkz4qgg20ebfac0yk5pk7hzby9q", "fields": {"session_data": ".eJxVjDsOwjAQBe_iGlm2d-NkKelzBsvrDw4gR4qTCnF3EikFtDPz3ls4v63FbS0tboriKoy4_DL24ZnqIeLD1_ssw1zXZWJ5JPK0TY5zTK_b2f4dFN_KvrY5hRQjZvBEqC1xQtC5A9PtjDISE-ZB2R4HE3oTFJBCZZnBa7BRfL7nZDdT:1kfRA4:JIawdl1rh95Oox8KN69DyUEMGWCLC__v1Hh1vSeAPTo", "expire_date": "2020-12-02T17:22:28.355Z"}}, {"model": "sessions.session", "pk": "tgb0z1ovtxmkpuzw0jksncgk1f704e3m", "fields": {"session_data": ".eJxVjDsOwjAQBe_iGlmb2Lt2KOlzhmjXHxJAtpRPhbg7iZQC2jcz760G3tZx2JY0D1NUV9Woy-8mHJ6pHCA-uNyrDrWs8yT6UPRJF93XmF630_07GHkZ95qSbQWsz75DykwAvsuCQI4wIJJAJ9YYh4ChBXAhANJeGPapYSvq8wW0Rzam:1kjbvm:0e0OzAe8QWFNJ4UCkbYaf0iqbIirKYmpqsVTIU1ujZs", "expire_date": "2020-12-14T05:40:58.854Z"}}, {"model": "sessions.session", "pk": "u4wbcjgfx7l381rf3llglivla2hv4uxz", "fields": {"session_data": ".eJxVjDsOwjAQBe_iGlmb2Lt2KOlzhmjXHxJAtpRPhbg7iZQC2jcz760G3tZx2JY0D1NUV9Woy-8mHJ6pHCA-uNyrDrWs8yT6UPRJF93XmF630_07GHkZ95qSbQWsz75DykwAvsuCQI4wIJJAJ9YYh4ChBXAhANJeGPapYSvq8wW0Rzam:1kgswy:nEm9RNT2SQPM1mrnbCDB2ItxwAgwzJR8LKUnIA6DlPs", "expire_date": "2020-12-06T17:14:56.579Z"}}, {"model": "sessions.session", "pk": "ugbpc2bgdb4gz4n41fm3sbcuundkfbs7", "fields": {"session_data": ".eJxVjDsOwjAQBe_iGlmb2Lt2KOlzhmjXHxJAtpRPhbg7iZQC2jcz760G3tZx2JY0D1NUV9Woy-8mHJ6pHCA-uNyrDrWs8yT6UPRJF93XmF630_07GHkZ95qSbQWsz75DykwAvsuCQI4wIJJAJ9YYh4ChBXAhANJeGPapYSvq8wW0Rzam:1kZAjU:MotAzr4vhfhXb38_08OPUiARdEkpcF9R_lQj_KSJAbc", "expire_date": "2020-11-15T10:37:08.835Z"}}, {"model": "sessions.session", "pk": "ujpqpcaemv2okg0sz19jura18ud08pww", "fields": {"session_data": ".eJxVjDsOwjAQBe_iGlmb2Lt2KOlzhmjXHxJAtpRPhbg7iZQC2jcz760G3tZx2JY0D1NUV9Woy-8mHJ6pHCA-uNyrDrWs8yT6UPRJF93XmF630_07GHkZ95qSbQWsz75DykwAvsuCQI4wIJJAJ9YYh4ChBXAhANJeGPapYSvq8wW0Rzam:1kh5it:OClmifzqngXYrLWKTWcG7TTbqeaMblPr-JBpuxAjauk", "expire_date": "2020-12-07T06:53:15.363Z"}}, {"model": "sessions.session", "pk": "w28q0plq5e90kltefmqm7hbjke4gl4db", "fields": {"session_data": ".eJxVjDsOwjAQBe_iGlmb2Lt2KOlzhmjXHxJAtpRPhbg7iZQC2jcz760G3tZx2JY0D1NUV9Woy-8mHJ6pHCA-uNyrDrWs8yT6UPRJF93XmF630_07GHkZ95qSbQWsz75DykwAvsuCQI4wIJJAJ9YYh4ChBXAhANJeGPapYSvq8wW0Rzam:1khETq:9--0hbmVjq26IJhJ1TvMIOpchhRSuosR9_D8whkOSV4", "expire_date": "2020-12-07T16:14:18.790Z"}}, {"model": "sessions.session", "pk": "y5loknb92zase2hysx0ufvx620ejfxtq", "fields": {"session_data": ".eJxVjDsOwjAQBe_iGlmb2Lt2KOlzhmjXHxJAtpRPhbg7iZQC2jcz760G3tZx2JY0D1NUV9Woy-8mHJ6pHCA-uNyrDrWs8yT6UPRJF93XmF630_07GHkZ95qSbQWsz75DykwAvsuCQI4wIJJAJ9YYh4ChBXAhANJeGPapYSvq8wW0Rzam:1kjOlz:1tuzVZcnfl_PTMZzSp0W-JXFM51NE5kqIb8xWHdGS58", "expire_date": "2020-12-13T15:37:59.932Z"}}, {"model": "sessions.session", "pk": "yavrd7d7jkvghco6glb7ww43wzcivgq5", "fields": {"session_data": ".eJxVjMEOwiAQRP-FsyEoBXY9evcbCOyuUjU0Ke3J-O_SpAed28ybmbeKaV1KXJvMcWR1Vk4dfrOc6Cl1A_xI9T5pmuoyj1lvFb3Tpq8Ty-uyd_8OSmqlrwU8MwkHzBZzNwTBOuIAMFDwjGARDXuxJ4cMgzMMN599tgaOXerzBfTNN3g:1nV4cw:AT4n4EepXuixrXGIrSwccJ_m4ypFto5gb6Q_hSC1tDk", "expire_date": "2022-04-01T04:54:14.215Z"}}, {"model": "sessions.session", "pk": "yvkc9bk0e0rf0arxvsyfzhkieafng3tw", "fields": {"session_data": ".eJxVjMEOwiAQRP-FsyFYCux69N5vICyLUjWQlPZk_Hdp0oPObebNzFv4sK3Zby0tfmZxEYM4_WYU4jOVHfAjlHuVsZZ1mUnuFXnQJqfK6XU9un8HObTc1wksc0zskDRSNxGcNpEdwBidZQSNqNgmPRhkGI1iuFmypBWcu8TnC_MCN3U:1nV4vK:4P0c5yk9HwTYfGDbY6rN5NRodQDl4Nm5heiTs6X86Ns", "expire_date": "2022-04-01T05:13:14.402Z"}}, {"model": "sessions.session", "pk": "z5hc1d2pcq1eishg8ci4yyy6hzaqok7x", "fields": {"session_data": ".eJxVjDsOwjAQBe_iGlmb2Lt2KOlzhmjXHxJAtpRPhbg7iZQC2jcz760G3tZx2JY0D1NUV9Woy-8mHJ6pHCA-uNyrDrWs8yT6UPRJF93XmF630_07GHkZ95qSbQWsz75DykwAvsuCQI4wIJJAJ9YYh4ChBXAhANJeGPapYSvq8wW0Rzam:1kgP8t:nCskJr8TsVsGPN4YxiYrzHmvFysDzUxkZzxC5gXhEfM", "expire_date": "2020-12-05T09:25:15.174Z"}}, {"model": "flight.user", "pk": 1, "fields": {"password": "pbkdf2_sha256$216000$eXSVVApNfj10$jkV1nkqidSAphngsYPdjXqhYs9eTwMf1aegDyvnAwvs=", "last_login": "2022-03-18T05:10:47.840Z", "is_superuser": true, "username": "ayush", "first_name": "Ayush", "last_name": "Kumar", "email": "ayush@mail.com", "is_staff": true, "is_active": true, "date_joined": "2020-11-01T10:36:44Z", "groups": [], "user_permissions": []}}, {"model": "flight.user", "pk": 2, "fields": {"password": "pbkdf2_sha256$216000$eXSVVApNfj10$jkV1nkqidSAphngsYPdjXqhYs9eTwMf1aegDyvnAwvs=", "last_login": "2022-03-18T05:13:14.389Z", "is_superuser": true, "username": "liuyang", "first_name": "Liu", "last_name": "Yang", "email": "liu@mail.com", "is_staff": true, "is_active": true, "date_joined": "2020-11-16T10:45:01Z", "groups": [], "user_permissions": []}}, {"model": "flight.user", "pk": 3, "fields": {"password": "pbkdf2_sha256$216000$3xhGWjBWawAN$RlXiu13TlMFBdjJP/xX+APOxpmHvcquEE/y685/ghis=", "last_login": "2022-02-28T19:19:24.187Z", "is_superuser": false, "username": "rushan", "first_name": "Rushan", "last_name": "Jayasundara", "email": "rushanthasindu10@gmail.com", "is_staff": false, "is_active": true, "date_joined": "2022-02-28T19:19:23.975Z", "groups": [], "user_permissions": []}}, {"model": "flight.user", "pk": 4, "fields": {"password": "pbkdf2_sha256$216000$bPSAefRZDztT$NQM6tbQWvDnp0XIobxPdVOzXHT+J6Nx+3GIHhsJOKQ0=", "last_login": "2022-02-28T20:37:42.176Z", "is_superuser": false, "username": "ashen", "first_name": "Ashen", "last_name": "Dinujaya", "email": "ashen@gmail.com", "is_staff": false, "is_active": true, "date_joined": "2022-02-28T20:37:41.996Z", "groups": [], "user_permissions": []}}, {"model": "flight.user", "pk": 5, "fields": {"password": "pbkdf2_sha256$216000$eXSVVApNfj10$jkV1nkqidSAphngsYPdjXqhYs9eTwMf1aegDyvnAwvs=", "last_login": "2022-03-18T05:12:00.968Z", "is_superuser": true, "username": "admin", "first_name": "", "last_name": "", "email": "admin@admin.com", "is_staff": true, "is_active": true, "date_joined": "2022-03-18T04:53:04.190Z", "groups": [], "user_permissions": []}}, {"model": "flight.place", "pk": 1, "fields": {"city": "Delhi", "airport": "Indira Gandhi International Airport", "code": "DEL", "country": "India"}}, {"model": "flight.place", "pk": 2, "fields": {"city": "Mumbai", "airport": "Chhatrapati Shivaji International Airport", "code": "BOM", "country": "India"}}, {"model": "flight.place", "pk": 3, "fields": {"city": "Tokyo", "airport": "Tokyo Haneda Airport", "code": "HND", "country": "Japan"}}, {"model": "flight.place", "pk": 4, "fields": {"city": "Beijing", "airport": "Beijing Capital International Airport", "code": "PEK", "country": "China"}}, {"model": "flight.place", "pk": 5, "fields": {"city": "Los Angeles", "airport": "Los Angeles International Airport", "code": "LAX", "country": "USA"}}, {"model": "flight.place", "pk": 6, "fields": {"city": "Dubai", "airport": "Dubai International Airport", "code": "DXB", "country": "United Arab Emirates"}}, {"model": "flight.place", "pk": 7, "fields": {"city": "Chicago", "airport": "O'Hare International Airport", "code": "ORD", "country": "United States"}}, {"model": "flight.place", "pk": 8, "fields": {"city": "London", "airport": "London Heathrow Airport", "code": "LHR", "country": "United Kingdom"}}, {"model": "flight.place", "pk": 9, "fields": {"city": "Shanghai", "airport": "Shanghai Pudong International Airport", "code": "PVG", "country": "China"}}, {"model": "flight.place", "pk": 10, "fields": {"city": "Paris", "airport": "Charles de Gaulle Airport", "code": "CDG", "country": "France"}}, {"model": "flight.place", "pk": 11, "fields": {"city": "Dallas", "airport": "Dallas/Fort Worth International Airport", "code": "DFW", "country": "United States"}}, {"model": "flight.place", "pk": 12, "fields": {"city": "Guangzhou", "airport": "Guangzhou Baiyun International Airport", "code": "CAN", "country": "China"}}, {"model": "flight.place", "pk": 13, "fields": {"city": "Amsterdam", "airport": "Amsterdam Airport Schiphol", "code": "AMS", "country": "Netherlands"}}, {"model": "flight.place", "pk": 14, "fields": {"city": "Hong Kong", "airport": "Hong Kong International Airport", "code": "HKG", "country": "Hong Kong SAR, China"}}, {"model": "flight.place", "pk": 15, "fields": {"city": "Seoul", "airport": "Seoul Incheon International Airport", "code": "ICN", "country": "South Korea"}}, {"model": "flight.place", "pk": 16, "fields": {"city": "Frankfurt", "airport": "Frankfurt Airport", "code": "FRA", "country": "Germany"}}, {"model": "flight.place", "pk": 17, "fields": {"city": "Denver", "airport": "Denver International Airport", "code": "DEN", "country": "United States"}}, {"model": "flight.place", "pk": 18, "fields": {"city": "Singapore", "airport": "Singapore Changi International Airport", "code": "SIN", "country": "Singapore"}}, {"model": "flight.place", "pk": 19, "fields": {"city": "Bangkok", "airport": "Suvarnabhumi Airport", "code": "BKK", "country": "Thailand"}}, {"model": "flight.place", "pk": 20, "fields": {"city": "New York", "airport": "John F. Kennedy International Airport", "code": "JFK", "country": "United States"}}, {"model": "flight.place", "pk": 21, "fields": {"city": "Kuala Lumpur", "airport": "Kuala Lumpur International Airport", "code": "KUL", "country": "Malaysia"}}, {"model": "flight.place", "pk": 22, "fields": {"city": "Madrid", "airport": "Madrid Barajas International Airport", "code": "MAD", "country": "Spain"}}, {"model": "flight.place", "pk": 23, "fields": {"city": "San Francisco", "airport": "San Francisco International Airport", "code": "SFO", "country": "United States"}}, {"model": "flight.place", "pk": 24, "fields": {"city": "Chengdu", "airport": "Chengdu Shuangliu International Airport", "code": "CTU", "country": "China"}}, {"model": "flight.place", "pk": 25, "fields": {"city": "Jakarta", "airport": "SoekarnoHatta International Airport", "code": "CGK", "country": "Indonesia"}}, {"model": "flight.place", "pk": 26, "fields": {"city": "Shenzhen", "airport": "Shenzhen Bao'an International Airport", "code": "SZX", "country": "China"}}, {"model": "flight.place", "pk": 27, "fields": {"city": "Barcelona", "airport": "BarcelonaEl Prat Airport", "code": "BCN", "country": "Spain"}}, {"model": "flight.place", "pk": 28, "fields": {"city": "Istanbul", "airport": "Istanbul Airport", "code": "IST", "country": "Turkey"}}, {"model": "flight.place", "pk": 29, "fields": {"city": "Seattle", "airport": "Seattle-Tacoma International Airport", "code": "SEA", "country": "United States"}}, {"model": "flight.place", "pk": 30, "fields": {"city": "Las Vegas", "airport": "McCarran International Airport", "code": "LAS", "country": "United States"}}, {"model": "flight.place", "pk": 31, "fields": {"city": "Orlando", "airport": "Orlando International Airport", "code": "MCO", "country": "United States"}}, {"model": "flight.place", "pk": 32, "fields": {"city": "Toronto", "airport": "Toronto Pearson International Airport", "code": "YYZ", "country": "Canada"}}, {"model": "flight.place", "pk": 33, "fields": {"city": "Mexico City", "airport": "Benito Jurez International Airport", "code": "MEX", "country": "Mexico"}}, {"model": "flight.place", "pk": 34, "fields": {"city": "Charlotte", "airport": "Charlotte Douglas International Airport", "code": "CLT", "country": "United States"}}, {"model": "flight.place", "pk": 35, "fields": {"city": "Moscow", "airport": "Sheremetyevo International Airport", "code": "SVO", "country": "Russia"}}, {"model": "flight.place", "pk": 36, "fields": {"city": "Taipei", "airport": "Taiwan Taoyuan International Airport", "code": "TPE", "country": "Taiwan"}}, {"model": "flight.place", "pk": 37, "fields": {"city": "Kunming", "airport": "Kunming Changshui International Airport", "code": "KMG", "country": "China"}}, {"model": "flight.place", "pk": 38, "fields": {"city": "Munich", "airport": "Munich Airport", "code": "MUC", "country": "Germany"}}, {"model": "flight.place", "pk": 39, "fields": {"city": "Manila", "airport": "Ninoy Aquino International Airport", "code": "MNL", "country": "Philippines"}}, {"model": "flight.place", "pk": 40, "fields": {"city": "Xi'an", "airport": "Xi'an Xianyang International Airport", "code": "XIY", "country": "China"}}, {"model": "flight.place", "pk": 41, "fields": {"city": "London", "airport": "London Gatwick Airport", "code": "LGW", "country": "United Kingdom"}}, {"model": "flight.place", "pk": 42, "fields": {"city": "Newark", "airport": "Newark Liberty International Airport", "code": "EWR", "country": "United States"}}, {"model": "flight.place", "pk": 43, "fields": {"city": "Phoenix", "airport": "Phoenix Sky Harbor International Airport", "code": "PHX", "country": "United States"}}, {"model": "flight.place", "pk": 44, "fields": {"city": "Miami", "airport": "Miami International Airport", "code": "MIA", "country": "United States"}}, {"model": "flight.place", "pk": 45, "fields": {"city": "Shanghai", "airport": "Shanghai Hongqiao International Airport", "code": "SHA", "country": "China"}}, {"model": "flight.place", "pk": 46, "fields": {"city": "Houston", "airport": "George Bush Intercontinental Airport", "code": "IAH", "country": "United States"}}, {"model": "flight.place", "pk": 47, "fields": {"city": "Chongqing", "airport": "Chongqing Jiangbei International Airport", "code": "CKG", "country": "China"}}, {"model": "flight.place", "pk": 49, "fields": {"city": "Tokyo", "airport": "Narita International Airport", "code": "NRT", "country": "Japan"}}, {"model": "flight.place", "pk": 50, "fields": {"city": "Bengaluru", "airport": "Kempegowda International Airport", "code": "BLR", "country": "India"}}, {"model": "flight.place", "pk": 51, "fields": {"city": "Chennai", "airport": "Chennai International Airport", "code": "MAA", "country": "India"}}, {"model": "flight.place", "pk": 52, "fields": {"city": "Kolkata", "airport": "Netaji Subhas Chandra Bose International Airport", "code": "CCU", "country": "India"}}, {"model": "flight.place", "pk": 53, "fields": {"city": "Hyderabad", "airport": "Rajiv Gandhi International Airport", "code": "HYD", "country": "India"}}, {"model": "flight.place", "pk": 54, "fields": {"city": "Ahmedabad", "airport": "Sardar Vallabhbhai Patel International Airport", "code": "AMD", "country": "India"}}, {"model": "flight.place", "pk": 55, "fields": {"city": "Kochi", "airport": "Cochin International Airport", "code": "COK", "country": "India"}}, {"model": "flight.place", "pk": 56, "fields": {"city": "Goa", "airport": "Dabolim Airport", "code": "GOI", "country": "India"}}, {"model": "flight.place", "pk": 57, "fields": {"city": "Pune", "airport": "Pune Airport", "code": "PNQ", "country": "India"}}, {"model": "flight.place", "pk": 58, "fields": {"city": "Guwahati", "airport": "Lokpriya Gopinath Bordoloi International Airport", "code": "GAU", "country": "India"}}, {"model": "flight.place", "pk": 59, "fields": {"city": "Lucknow", "airport": "Chaudhary Charan Singh International Airport", "code": "LKO", "country": "India"}}, {"model": "flight.place", "pk": 60, "fields": {"city": "Jaipur", "airport": "Jaipur International Airport", "code": "JAI", "country": "India"}}, {"model": "flight.place", "pk": 61, "fields": {"city": "Patna", "airport": "Jaya Prakash Narayan Airport", "code": "PAT", "country": "India"}}, {"model": "flight.place", "pk": 62, "fields": {"city": "Siliguri", "airport": "Bagdogra International Airport", "code": "IXB", "country": "India"}}, {"model": "flight.place", "pk": 63, "fields": {"city": "Imphal", "airport": "Imphal Airport", "code": "IMF", "country": "India"}}, {"model": "flight.place", "pk": 64, "fields": {"city": "Sydney", "airport": "Sydney Kingsford Smith International Airport", "code": "SYD", "country": "Australia"}}, {"model": "flight.week", "pk": 1, "fields": {"number": 6, "name": "Sunday"}}, {"model": "flight.week", "pk": 2, "fields": {"number": 0, "name": "Monday"}}, {"model": "flight.week", "pk": 3, "fields": {"number": 1, "name": "Tuesday"}}, {"model": "flight.week", "pk": 4, "fields": {"number": 2, "name": "Wednesday"}}, {"model": "flight.week", "pk": 5, "fields": {"number": 3, "name": "Thursday"}}, {"model": "flight.week", "pk": 6, "fields": {"number": 4, "name": "Friday"}}, {"model": "flight.week", "pk": 7, "fields": {"number": 5, "name": "Saturday"}}, {"model": "flight.flight", "pk": 1, "fields": {"origin": 1, "destination": 58, "depart_time": "05:25:00", "duration": "02:25:00", "arrival_time": "07:50:00", "plane": "A320", "airline": "Indigo", "economy_fare": 3555.0, "business_fare": 0.0, "first_fare": 0.0, "depart_day": [1, 2, 3, 4, 5, 6, 7]}}, {"model": "flight.flight", "pk": 2, "fields": {"origin": 1, "destination": 58, "depart_time": "09:40:00", "duration": "02:25:00", "arrival_time": "12:05:00", "plane": "A320", "airline": "Vistara", "economy_fare": 4780.0, "business_fare": 26400.0, "first_fare": 0.0, "depart_day": [1, 2, 3, 4, 5, 6, 7]}}, {"model": "flight.flight", "pk": 3, "fields": {"origin": 1, "destination": 58, "depart_time": "10:10:00", "duration": "02:15:00", "arrival_time": "12:25:00", "plane": "A320", "airline": "Go Air", "economy_fare": 2785.0, "business_fare": 0.0, "first_fare": 0.0, "depart_day": [1, 2, 3, 4, 5, 6, 7]}}, {"model": "flight.flight", "pk": 4, "fields": {"origin": 1, "destination": 58, "depart_time": "17:30:00", "duration": "02:35:00", "arrival_time": "20:05:00", "plane": "B737", "airline": "Spicejet", "economy_fare": 2785.0, "business_fare": 0.0, "first_fare": 0.0, "depart_day": [1, 2, 3, 4, 5, 6, 7]}}, {"model": "flight.flight", "pk": 5, "fields": {"origin": 1, "destination": 58, "depart_time": "06:05:00", "duration": "02:20:00", "arrival_time": "08:25:00", "plane": "A320", "airline": "AirAsia", "economy_fare": 2830.0, "business_fare": 0.0, "first_fare": 0.0, "depart_day": [1, 2, 3, 4, 5, 6, 7]}}, {"model": "flight.flight", "pk": 6, "fields": {"origin": 1, "destination": 58, "depart_time": "14:55:00", "duration": "02:20:00", "arrival_time": "17:15:00", "plane": "A320", "airline": "Air India", "economy_fare": 2830.0, "business_fare": 0.0, "first_fare": 0.0, "depart_day": [1, 2, 3, 4, 5, 6, 7]}}, {"model": "flight.flight", "pk": 7, "fields": {"origin": 58, "destination": 1, "depart_time": "12:40:00", "duration": "02:55:00", "arrival_time": "15:35:00", "plane": "A320", "airline": "Vistara", "economy_fare": 0.0, "business_fare": 26812.0, "first_fare": 0.0, "depart_day": [1, 2, 3, 4, 5, 6, 7]}}, {"model": "flight.flight", "pk": 8, "fields": {"origin": 58, "destination": 1, "depart_time": "20:45:00", "duration": "02:40:00", "arrival_time": "23:25:00", "plane": "B737", "airline": "Spicejet", "economy_fare": 3197.0, "business_fare": 0.0, "first_fare": 0.0, "depart_day": [1, 2, 3, 4, 5, 6, 7]}}, {"model": "flight.flight", "pk": 9, "fields": {"origin": 58, "destination": 1, "depart_time": "13:10:00", "duration": "02:50:00", "arrival_time": "16:00:00", "plane": "A320", "airline": "Indigo", "economy_fare": 3197.0, "business_fare": 0.0, "first_fare": 0.0, "depart_day": [1, 2, 3, 4, 5, 6, 7]}}, {"model": "flight.flight", "pk": 10, "fields": {"origin": 58, "destination": 1, "depart_time": "13:00:00", "duration": "02:55:00", "arrival_time": "15:55:00", "plane": "A320", "airline": "Go Air", "economy_fare": 3197.0, "business_fare": 0.0, "first_fare": 0.0, "depart_day": [1, 2, 3, 4, 5, 6, 7]}}, {"model": "flight.flight", "pk": 11, "fields": {"origin": 1, "destination": 20, "depart_time": "23:45:00", "duration": "15:10:00", "arrival_time": "14:55:00", "plane": "B777-300", "airline": "United Airlines", "economy_fare": 45401.0, "business_fare": 154012.0, "first_fare": 300813.0, "depart_day": [1, 2, 3, 4, 5, 6, 7]}}, {"model": "flight.flight", "pk": 12, "fields": {"origin": 8, "destination": 3, "depart_time": "19:00:00", "duration": "11:50:00", "arrival_time": "15:50:00", "plane": "B777-300ER", "airline": "All Nippon Airways", "economy_fare": 120865.0, "business_fare": 371988.0, "first_fare": 762828.0, "depart_day": [1, 2, 3, 4, 5, 6, 7]}}, {"model": "flight.flight", "pk": 13, "fields": {"origin": 64, "destination": 15, "depart_time": "21:15:00", "duration": "10:55:00", "arrival_time": "06:10:00", "plane": "A330-300", "airline": "Korean Air", "economy_fare": 43383.0, "business_fare": 172929.0, "first_fare": 0.0, "depart_day": [1, 2, 3, 4, 5, 6, 7]}}, {"model": "flight.flight", "pk": 14, "fields": {"origin": 1, "destination": 63, "depart_time": "10:10:00", "duration": "02:50:00", "arrival_time": "13:00:00", "plane": "A320neo", "airline": "Indigo", "economy_fare": 5780.0, "business_fare": 0.0, "first_fare": 0.0, "depart_day": [1, 2, 3, 4, 5, 6, 7]}}, {"model": "flight.flight", "pk": 15, "fields": {"origin": 63, "destination": 1, "depart_time": "13:40:00", "duration": "03:25:00", "arrival_time": "17:05:00", "plane": "A320neo", "airline": "Indigo", "economy_fare": 5807.0, "business_fare": 0.0, "first_fare": 0.0, "depart_day": [1, 2, 3, 4, 5, 6, 7]}}, {"model": "flight.flight", "pk": 16, "fields": {"origin": 63, "destination": 1, "depart_time": "14:40:00", "duration": "02:30:00", "arrival_time": "17:10:00", "plane": "A320", "airline": "Air Asia", "economy_fare": 5807.0, "business_fare": 0.0, "first_fare": 0.0, "depart_day": [1, 2, 3, 4, 5, 6, 7]}}, {"model": "flight.flight", "pk": 17, "fields": {"origin": 1, "destination": 63, "depart_time": "07:10:00", "duration": "02:30:00", "arrival_time": "09:40:00", "plane": "A320", "airline": "Air Asia", "economy_fare": 5820.0, "business_fare": 0.0, "first_fare": 0.0, "depart_day": [1, 2, 3, 4, 5, 6, 7]}}, {"model": "flight.flight", "pk": 18, "fields": {"origin": 1, "destination": 63, "depart_time": "11:10:00", "duration": "02:40:00", "arrival_time": "14:00:00", "plane": "A320neo", "airline": "Air India", "economy_fare": 5780.0, "business_fare": 0.0, "first_fare": 0.0, "depart_day": [1, 2, 3, 4, 5, 6, 7]}}, {"model": "flight.flight", "pk": 19, "fields": {"origin": 1, "destination": 63, "depart_time": "09:40:00", "duration": "03:40:00", "arrival_time": "13:20:00", "plane": "A320", "airline": "Air Asia", "economy_fare": 5650.0, "business_fare": 0.0, "first_fare": 0.0, "depart_day": [1, 2, 3, 4, 5, 6, 7]}}, {"model": "flight.flight", "pk": 20, "fields": {"origin": 63, "destination": 1, "depart_time": "11:15:00", "duration": "03:40:00", "arrival_time": "14:55:00", "plane": "A320", "airline": "Air Asia", "economy_fare": 5584.0, "business_fare": 0.0, "first_fare": 0.0, "depart_day": [1, 2, 3, 4, 5, 6, 7]}}, {"model": "flight.flight", "pk": 21, "fields": {"origin": 1, "destination": 63, "depart_time": "13:15:00", "duration": "03:10:00", "arrival_time": "16:25:00", "plane": "A320", "airline": "Vistara", "economy_fare": 5997.0, "business_fare": 7332.0, "first_fare": 0.0, "depart_day": [1, 2, 3, 4, 5, 6, 7]}}, {"model": "flight.flight", "pk": 23, "fields": {"origin": 63, "destination": 1, "depart_time": "21:30:00", "duration": "03:10:00", "arrival_time": "00:40:00", "plane": "A320", "airline": "Vistara", "economy_fare": 3997.0, "business_fare": 7332.0, "first_fare": 0.0, "depart_day": [1, 2, 3, 4, 5, 6, 7]}}, {"model": "flight.flight", "pk": 24, "fields": {"origin": 1, "destination": 63, "depart_time": "16:15:00", "duration": "02:50:00", "arrival_time": "19:05:00", "plane": "A321", "airline": "Go Air", "economy_fare": 5850.0, "business_fare": 0.0, "first_fare": 0.0, "depart_day": [1, 2, 3, 4, 5, 6, 7]}}, {"model": "flight.passenger", "pk": 18, "fields": {"first_name": "Ayush", "last_name": "Kumar", "gender": "male"}}, {"model": "flight.passenger", "pk": 19, "fields": {"first_name": "Liu", "last_name": "Yang", "gender": "female"}}, {"model": "flight.passenger", "pk": 20, "fields": {"first_name": "Liu", "last_name": "Yang", "gender": "female"}}, {"model": "flight.passenger", "pk": 21, "fields": {"first_name": "Liu", "last_name": "Yang", "gender": "female"}}, {"model": "flight.passenger", "pk": 22, "fields": {"first_name": "Liu", "last_name": "Yang", "gender": "female"}}, {"model": "flight.passenger", "pk": 23, "fields": {"first_name": "Liu", "last_name": "Yang", "gender": "female"}}, {"model": "flight.passenger", "pk": 24, "fields": {"first_name": "Liu", "last_name": "Yang", "gender": "female"}}, {"model": "flight.passenger", "pk": 25, "fields": {"first_name": "Liu", "last_name": "Yang", "gender": "female"}}, {"model": "flight.passenger", "pk": 26, "fields": {"first_name": "Liu", "last_name": "Yang", "gender": "female"}}, {"model": "flight.passenger", "pk": 27, "fields": {"first_name": "Liu", "last_name": "Yang", "gender": "female"}}, {"model": "flight.passenger", "pk": 28, "fields": {"first_name": "Ayush", "last_name": "Kumar", "gender": "male"}}, {"model": "flight.passenger", "pk": 29, "fields": {"first_name": "Victoria", "last_name": "Predetti", "gender": "female"}}, {"model": "flight.passenger", "pk": 30, "fields": {"first_name": "Ayush", "last_name": "Kumar", "gender": "male"}}, {"model": "flight.passenger", "pk": 31, "fields": {"first_name": "Ayush", "last_name": "Kumar", "gender": "male"}}, {"model": "flight.passenger", "pk": 32, "fields": {"first_name": "Victoria", "last_name": "Predetti", "gender": "female"}}, {"model": "flight.passenger", "pk": 33, "fields": {"first_name": "Ayush", "last_name": "Kumar", "gender": "male"}}, {"model": "flight.passenger", "pk": 34, "fields": {"first_name": "Victoria", "last_name": "Predetti", "gender": "female"}}, {"model": "flight.passenger", "pk": 35, "fields": {"first_name": "Liu", "last_name": "Yang", "gender": "female"}}, {"model": "flight.passenger", "pk": 36, "fields": {"first_name": "sjhkj", "last_name": "dcs", "gender": "male"}}, {"model": "flight.passenger", "pk": 37, "fields": {"first_name": "Liu", "last_name": "Yang", "gender": "female"}}, {"model": "flight.passenger", "pk": 38, "fields": {"first_name": "Ayush", "last_name": "Kumar", "gender": "male"}}, {"model": "flight.passenger", "pk": 39, "fields": {"first_name": "Liu", "last_name": "Yang", "gender": "female"}}, {"model": "flight.passenger", "pk": 40, "fields": {"first_name": "Ayush", "last_name": "Kumar", "gender": "male"}}, {"model": "flight.passenger", "pk": 41, "fields": {"first_name": "Victoria", "last_name": "Predetti", "gender": "female"}}, {"model": "flight.passenger", "pk": 42, "fields": {"first_name": "Temp", "last_name": "Temp", "gender": "male"}}, {"model": "flight.passenger", "pk": 43, "fields": {"first_name": "Temp", "last_name": "Temp", "gender": "male"}}, {"model": "flight.passenger", "pk": 44, "fields": {"first_name": "Temp", "last_name": "Temp", "gender": "male"}}, {"model": "flight.passenger", "pk": 45, "fields": {"first_name": "Temp", "last_name": "Temp", "gender": "male"}}, {"model": "flight.passenger", "pk": 46, "fields": {"first_name": "Temp", "last_name": "Temp", "gender": "male"}}, {"model": "flight.passenger", "pk": 47, "fields": {"first_name": "Temp", "last_name": "Temp", "gender": "male"}}, {"model": "flight.passenger", "pk": 48, "fields": {"first_name": "Temp", "last_name": "Temp", "gender": "male"}}, {"model": "flight.passenger", "pk": 49, "fields": {"first_name": "Temp", "last_name": "Temp", "gender": "male"}}, {"model": "flight.passenger", "pk": 50, "fields": {"first_name": "Temp", "last_name": "Temp", "gender": "male"}}, {"model": "flight.passenger", "pk": 51, "fields": {"first_name": "Temp", "last_name": "Temp", "gender": "male"}}, {"model": "flight.passenger", "pk": 52, "fields": {"first_name": "Temp", "last_name": "Temp", "gender": "male"}}, {"model": "flight.passenger", "pk": 53, "fields": {"first_name": "Temp", "last_name": "Temp", "gender": "male"}}, {"model": "flight.passenger", "pk": 54, "fields": {"first_name": "Temp", "last_name": "Temp", "gender": "male"}}, {"model": "flight.passenger", "pk": 55, "fields": {"first_name": "Temp", "last_name": "Temp", "gender": "male"}}, {"model": "flight.passenger", "pk": 56, "fields": {"first_name": "Tony", "last_name": "Stark", "gender": "male"}}, {"model": "flight.passenger", "pk": 57, "fields": {"first_name": "Ayush", "last_name": "Kumar", "gender": "male"}}, {"model": "flight.passenger", "pk": 58, "fields": {"first_name": "Liu", "last_name": "Yang", "gender": "female"}}, {"model": "flight.passenger", "pk": 59, "fields": {"first_name": "Ayush", "last_name": "Kumar", "gender": "male"}}, {"model": "flight.passenger", "pk": 60, "fields": {"first_name": "Victoria", "last_name": "Predetti", "gender": "female"}}, {"model": "flight.passenger", "pk": 61, "fields": {"first_name": "Liu", "last_name": "Yang", "gender": "female"}}, {"model": "flight.passenger", "pk": 62, "fields": {"first_name": "Ayush", "last_name": "Kumar", "gender": "male"}}, {"model": "flight.passenger", "pk": 63, "fields": {"first_name": "Ayush", "last_name": "Kumar", "gender": "male"}}, {"model": "flight.passenger", "pk": 64, "fields": {"first_name": "Ayush", "last_name": "Kumar", "gender": "male"}}, {"model": "flight.passenger", "pk": 65, "fields": {"first_name": "Ayush", "last_name": "Kumar", "gender": "male"}}, {"model": "flight.passenger", "pk": 66, "fields": {"first_name": "Ayush", "last_name": "Kumar", "gender": "male"}}, {"model": "flight.passenger", "pk": 67, "fields": {"first_name": "Liu", "last_name": "Yang", "gender": "female"}}, {"model": "flight.passenger", "pk": 68, "fields": {"first_name": "Liu", "last_name": "Yang", "gender": "female"}}, {"model": "flight.ticket", "pk": 15, "fields": {"user": 2, "ref_no": "E2C2A3", "flight": 11, "flight_ddate": "2021-01-06", "flight_adate": "2021-01-07", "flight_fare": 45401.0, "other_charges": 0.0, "coupon_used": "", "coupon_discount": 0.0, "total_fare": 45401.0, "seat_class": "economy", "booking_date": "2020-11-21T14:56:53Z", "mobile": "+91 9988772345", "email": "liuyang@mail.com", "status": "CONFIRMED", "passengers": [27]}}, {"model": "flight.ticket", "pk": 19, "fields": {"user": 1, "ref_no": "D9EC00", "flight": 7, "flight_ddate": "2020-12-30", "flight_adate": "2020-12-30", "flight_fare": 53624.0, "other_charges": 0.0, "coupon_used": "", "coupon_discount": 0.0, "total_fare": 53624.0, "seat_class": "business", "booking_date": "2020-11-21T17:26:59.363Z", "mobile": "+91 9783552271", "email": "ayush@mail.com", "status": "CONFIRMED", "passengers": [33, 34]}}, {"model": "flight.ticket", "pk": 23, "fields": {"user": 2, "ref_no": "34566A", "flight": 9, "flight_ddate": "2020-11-27", "flight_adate": "2020-11-27", "flight_fare": 3197.0, "other_charges": 0.0, "coupon_used": "", "coupon_discount": 0.0, "total_fare": 3197.0, "seat_class": "economy", "booking_date": "2020-11-23T09:47:14.752Z", "mobile": "+91 1234567890", "email": "dghd@mail.com", "status": "CONFIRMED", "passengers": [36]}}, {"model": "flight.ticket", "pk": 25, "fields": {"user": 2, "ref_no": "C10F0F", "flight": 11, "flight_ddate": "2021-02-10", "flight_adate": "2021-02-11", "flight_fare": 308024.0, "other_charges": 100.0, "coupon_used": "", "coupon_discount": 0.0, "total_fare": 308124.0, "seat_class": "business", "booking_date": "2020-11-23T22:21:24.480Z", "mobile": "+91 8399773993", "email": "liu@mail.com", "status": "CONFIRMED", "passengers": [39, 40]}}, {"model": "flight.ticket", "pk": 26, "fields": {"user": 2, "ref_no": "218DD7", "flight": 9, "flight_ddate": "2021-04-23", "flight_adate": "2021-04-23", "flight_fare": 3197.0, "other_charges": 100.0, "coupon_used": "", "coupon_discount": 0.0, "total_fare": 3297.0, "seat_class": "economy", "booking_date": "2020-11-23T12:24:45Z", "mobile": "+91 7777777722", "email": "liu@mail.com", "status": "CANCELLED", "passengers": [41]}}, {"model": "flight.ticket", "pk": 52, "fields": {"user": 2, "ref_no": "2F93D8", "flight": 8, "flight_ddate": "2020-12-16", "flight_adate": "2020-12-16", "flight_fare": 3197.0, "other_charges": 100.0, "coupon_used": "", "coupon_discount": 0.0, "total_fare": 3297.0, "seat_class": "economy", "booking_date": "2020-11-25T13:28:50.992Z", "mobile": "+91 9387726437", "email": "temp@mail.com", "status": "PENDING", "passengers": [54]}}, {"model": "flight.ticket", "pk": 55, "fields": {"user": 2, "ref_no": "030253", "flight": 5, "flight_ddate": "2020-12-04", "flight_adate": "2020-12-04", "flight_fare": 2830.0, "other_charges": 100.0, "coupon_used": "", "coupon_discount": 0.0, "total_fare": 2930.0, "seat_class": "economy", "booking_date": "2020-11-29T22:15:28.911Z", "mobile": "+91 8826375271", "email": "liu@mail.com", "status": "CONFIRMED", "passengers": [56]}}, {"model": "flight.ticket", "pk": 56, "fields": {"user": 2, "ref_no": "0ED405", "flight": 9, "flight_ddate": "2020-12-07", "flight_adate": "2020-12-07", "flight_fare": 3197.0, "other_charges": 100.0, "coupon_used": "", "coupon_discount": 0.0, "total_fare": 3297.0, "seat_class": "economy", "booking_date": "2020-11-29T21:56:44.651Z", "mobile": "+91 8826375271", "email": "liu@mail.com", "status": "CONFIRMED", "passengers": [56]}}, {"model": "flight.ticket", "pk": 57, "fields": {"user": 1, "ref_no": "BE4219", "flight": 11, "flight_ddate": "2021-02-11", "flight_adate": "2021-02-12", "flight_fare": 308024.0, "other_charges": 100.0, "coupon_used": "", "coupon_discount": 0.0, "total_fare": 308124.0, "seat_class": "business", "booking_date": "2020-11-30T11:22:44.426Z", "mobile": "+91 9937576283", "email": "ayush@mail.com", "status": "CONFIRMED", "passengers": [57, 58]}}, {"model": "flight.ticket", "pk": 58, "fields": {"user": 1, "ref_no": "FDE28E", "flight": 13, "flight_ddate": "2020-12-08", "flight_adate": "2020-12-09", "flight_fare": 43383.0, "other_charges": 100.0, "coupon_used": "", "coupon_discount": 0.0, "total_fare": 43483.0, "seat_class": "economy", "booking_date": "2020-11-30T12:57:01.421Z", "mobile": "+91 8928632743", "email": "ayush@mail.com", "status": "CONFIRMED", "passengers": [59]}}, {"model": "flight.ticket", "pk": 59, "fields": {"user": 1, "ref_no": "E52AB0", "flight": 2, "flight_ddate": "2020-12-31", "flight_adate": "2020-12-31", "flight_fare": 4780.0, "other_charges": 100.0, "coupon_used": "", "coupon_discount": 0.0, "total_fare": 4880.0, "seat_class": "economy", "booking_date": "2020-11-30T12:56:49Z", "mobile": "+91 738676962", "email": "ayush@mail.com", "status": "CANCELLED", "passengers": [60]}}, {"model": "flight.ticket", "pk": 60, "fields": {"user": 1, "ref_no": "323688", "flight": 9, "flight_ddate": "2020-12-24", "flight_adate": "2020-12-24", "flight_fare": 3197.0, "other_charges": 100.0, "coupon_used": "", "coupon_discount": 0.0, "total_fare": 3297.0, "seat_class": "economy", "booking_date": "2020-11-30T13:02:40.830Z", "mobile": "+91 7738925263", "email": "ayush@mail.com", "status": "PENDING", "passengers": [61]}}, {"model": "flight.ticket", "pk": 61, "fields": {"user": 1, "ref_no": "D18636", "flight": 12, "flight_ddate": "2021-03-15", "flight_adate": "2021-03-16", "flight_fare": 120865.0, "other_charges": 100.0, "coupon_used": "", "coupon_discount": 0.0, "total_fare": 120965.0, "seat_class": "economy", "booking_date": "2020-11-30T13:04:32Z", "mobile": "+91 8762636425", "email": "ayush@mail.com", "status": "CONFIRMED", "passengers": [62]}}, {"model": "flight.ticket", "pk": 66, "fields": {"user": 1, "ref_no": "A0CF14", "flight": 21, "flight_ddate": "2020-12-17", "flight_adate": "2020-12-17", "flight_fare": 5997.0, "other_charges": 100.0, "coupon_used": "", "coupon_discount": 0.0, "total_fare": 6097.0, "seat_class": "economy", "booking_date": "2020-11-30T19:39:19.981Z", "mobile": "+91 8888888888", "email": "ayush@mail.com", "status": "CANCELLED", "passengers": [65]}}, {"model": "flight.ticket", "pk": 67, "fields": {"user": 1, "ref_no": "770B95", "flight": 20, "flight_ddate": "2020-12-25", "flight_adate": "2020-12-25", "flight_fare": 5584.0, "other_charges": 100.0, "coupon_used": "", "coupon_discount": 0.0, "total_fare": 5684.0, "seat_class": "economy", "booking_date": "2020-11-30T19:39:01.832Z", "mobile": "+91 8888888888", "email": "ayush@mail.com", "status": "CONFIRMED", "passengers": [65]}}, {"model": "flight.ticket", "pk": 68, "fields": {"user": 1, "ref_no": "B674F2", "flight": 6, "flight_ddate": "2021-01-28", "flight_adate": "2021-01-28", "flight_fare": 2830.0, "other_charges": 100.0, "coupon_used": "", "coupon_discount": 0.0, "total_fare": 2930.0, "seat_class": "economy", "booking_date": "2020-11-30T19:41:42.992Z", "mobile": "+91 8888888888", "email": "ayush@mail.com", "status": "CONFIRMED", "passengers": [66]}}, {"model": "flight.ticket", "pk": 69, "fields": {"user": 2, "ref_no": "B375E7", "flight": 3, "flight_ddate": "2020-12-25", "flight_adate": "2020-12-25", "flight_fare": 2785.0, "other_charges": 100.0, "coupon_used": "", "coupon_discount": 0.0, "total_fare": 2885.0, "seat_class": "economy", "booking_date": "2020-12-01T10:48:54.316Z", "mobile": "+91 76834578364", "email": "liu@mail.com", "status": "CONFIRMED", "passengers": [67]}}, {"model": "flight.ticket", "pk": 70, "fields": {"user": 2, "ref_no": "1C3B56", "flight": 8, "flight_ddate": "2020-12-27", "flight_adate": "2020-12-27", "flight_fare": 3197.0, "other_charges": 100.0, "coupon_used": "", "coupon_discount": 0.0, "total_fare": 3297.0, "seat_class": "economy", "booking_date": "2020-12-01T10:45:06.121Z", "mobile": "+91 76834578364", "email": "liu@mail.com", "status": "CONFIRMED", "passengers": [67]}}, {"model": "flight.ticket", "pk": 71, "fields": {"user": 2, "ref_no": "C8B111", "flight": 19, "flight_ddate": "2020-12-16", "flight_adate": "2020-12-16", "flight_fare": 5650.0, "other_charges": 100.0, "coupon_used": "", "coupon_discount": 0.0, "total_fare": 5750.0, "seat_class": "economy", "booking_date": "2020-12-01T10:51:29.249Z", "mobile": "+91 6543243244", "email": "liu@mail.com", "status": "CONFIRMED", "passengers": [68]}}, {"model": "flight.ticket", "pk": 72, "fields": {"user": 2, "ref_no": "8E4668", "flight": 23, "flight_ddate": "2020-12-19", "flight_adate": "2020-12-20", "flight_fare": 3997.0, "other_charges": 100.0, "coupon_used": "", "coupon_discount": 0.0, "total_fare": 4097.0, "seat_class": "economy", "booking_date": "2020-12-01T10:51:17.947Z", "mobile": "+91 6543243244", "email": "liu@mail.com", "status": "CONFIRMED", "passengers": [68]}}]